date,chlorophyll
2014-01-03,3.11503267288208
2014-01-04,2.3973634243011475
2014-01-06,0.34208402037620544
2014-01-07,2.1537482738494873
2014-01-08,1.7249995470046997
2014-01-09,2.05723237991333
2014-01-10,0.8285189867019653
2014-01-11,0.6818444728851318
2014-01-12,2.014991044998169
2014-01-13,2.8145320415496826
2014-01-15,0.33431583642959595
2014-01-16,1.58499014377594
2014-01-17,2.3140716552734375
2014-01-18,3.608651638031006
2014-01-20,1.738764762878418
2014-01-21,2.0302000045776367
2014-01-22,5.136821269989014
2014-01-23,9.818334579467773
2014-01-24,3.470989227294922
2014-01-25,0.672099232673645
2014-01-26,1.1164135932922363
2014-01-27,1.547798991203308
2014-01-31,3.142396926879883
2014-02-01,1.5832786560058594
2014-02-02,0.8108178377151489
2014-02-03,0.29971250891685486
2014-02-06,3.45149564743042
2014-02-07,3.51082181930542
2014-02-09,1.2841715812683105
2014-02-10,1.424099087715149
2014-02-14,2.2254576683044434
2014-02-15,1.5693774223327637
2014-02-16,1.3856576681137085
2014-02-17,3.544912338256836
2014-02-18,1.7956329584121704
2014-02-19,1.4197198152542114
2014-02-20,0.22479289770126343
2014-02-21,0.21703679859638214
2014-02-22,0.39316171407699585
2014-02-23,0.4788324236869812
2014-02-24,1.6512795686721802
2014-02-25,0.9999037981033325
2014-02-27,1.2609845399856567
2014-02-28,3.5131397247314453
2014-03-01,1.164208173751831
2014-03-02,3.731253147125244
2014-03-07,0.15796497464179993
2014-03-08,1.4654736518859863
2014-03-09,2.8179965019226074
2014-03-10,1.5606340169906616
2014-03-11,1.7666486501693726
2014-03-12,2.08223032951355
2014-03-13,2.1525487899780273
2014-03-14,1.2635631561279297
2014-03-15,2.9200973510742188
2014-03-19,1.9098001718521118
2014-03-20,2.9479026794433594
2014-03-21,1.717377781867981
2014-03-22,1.8247610330581665
2014-03-23,0.15167562663555145
2014-03-24,4.062907695770264
2014-03-25,0.692622184753418
2014-03-26,2.397742509841919
2014-03-27,2.157871961593628
2014-03-28,0.42619067430496216
2014-03-31,1.9771080017089844
2014-04-01,1.5100675821304321
2014-04-02,1.1511160135269165
2014-04-03,0.6403223872184753
2014-04-04,0.6530351638793945
2014-04-05,8.96180248260498
2014-04-09,2.831378698348999
2014-04-10,2.0840210914611816
2014-04-11,0.815803050994873
2014-04-12,2.383284568786621
2014-04-13,2.3269009590148926
2014-04-14,1.3987444639205933
2014-04-16,2.9620985984802246
2014-04-17,1.7955081462860107
2014-04-21,3.7217342853546143
2014-04-22,1.8420015573501587
2014-04-23,1.1984145641326904
2014-04-24,1.7982676029205322
2014-04-25,0.372427374124527
2014-04-26,1.9474599361419678
2014-04-27,2.227393388748169
2014-05-01,0.32755911350250244
2014-05-03,3.315619468688965
2014-05-04,2.653733491897583
2014-05-05,0.7690038084983826
2014-05-06,2.9351460933685303
2014-05-07,2.760312795639038
2014-05-08,2.5579910278320312
2014-05-09,3.328730583190918
2014-05-10,2.9264564514160156
2014-05-12,2.811295509338379
2014-05-13,1.8161840438842773
2014-05-14,0.8937355279922485
2014-05-15,0.20978543162345886
2014-05-16,2.078165054321289
2014-05-17,1.6744375228881836
2014-05-18,0.6796081066131592
2014-05-19,2.0012640953063965
2014-05-20,1.5129426717758179
2014-05-21,1.3363767862319946
2014-05-22,0.9243919849395752
2014-05-23,0.7504249811172485
2014-05-24,1.6623455286026
2014-05-25,0.8588146567344666
2014-05-26,1.6245899200439453
2014-05-28,3.0598559379577637
2014-05-29,0.8564401865005493
2014-05-31,2.013082265853882
2014-06-01,1.7137701511383057
2014-06-02,1.7683595418930054
2014-06-03,1.264622688293457
2014-06-04,2.0205078125
2014-06-05,1.0449059009552002
2014-06-06,0.7424807548522949
2014-06-07,0.7489742040634155
2014-06-09,0.13143230974674225
2014-06-10,0.6642937660217285
2014-06-11,1.57075834274292
2014-06-12,0.2892717123031616
2014-06-13,0.9972913861274719
2014-06-14,0.9594681262969971
2014-06-16,1.0850615501403809
2014-06-17,0.7139462232589722
2014-06-18,1.5930448770523071
2014-06-19,1.0813366174697876
2014-06-20,0.5977396368980408
2014-06-21,0.9619735479354858
2014-06-23,2.0873465538024902
2014-06-24,0.20246216654777527
2014-06-25,0.4799858331680298
2014-06-26,1.449110746383667
2014-06-27,0.2487027645111084
2014-06-28,0.2898705303668976
2014-06-29,0.39367741346359253
2014-06-30,0.5144546031951904
2014-07-01,1.9425967931747437
2014-07-02,1.6926034688949585
2014-07-04,2.0872223377227783
2014-07-05,2.164418935775757
2014-07-06,0.6634455323219299
2014-07-07,1.3458445072174072
2014-07-09,0.19069306552410126
2014-07-12,1.3123500347137451
2014-07-13,1.0743769407272339
2014-07-14,0.8580284118652344
2014-07-18,2.0936660766601562
2014-07-19,0.13274191319942474
2014-07-20,0.887945294380188
2014-07-21,0.031028589233756065
2014-07-22,0.5777822732925415
2014-07-23,0.8464115262031555
2014-07-25,3.8222200870513916
2014-07-26,0.9467071294784546
2014-07-27,0.896231472492218
2014-07-28,6.102956295013428
2014-07-29,2.073112726211548
2014-07-30,1.1284043788909912
2014-07-31,0.08151400089263916
2014-08-05,1.7056211233139038
2014-08-06,0.5458333492279053
2014-08-07,0.08176214247941971
2014-08-10,0.4385964572429657
2014-08-11,1.0433553457260132
2014-08-12,2.1196162700653076
2014-08-13,3.3604021072387695
2014-08-14,2.1015167236328125
2014-08-15,1.5535485744476318
2014-08-16,3.4569895267486572
2014-08-17,0.6318496465682983
2014-08-18,3.2059271335601807
2014-08-19,0.849541187286377
2014-08-20,2.475597620010376
2014-08-21,0.43745577335357666
2014-08-22,0.23666387796401978
2014-08-23,0.9973965287208557
2014-08-24,0.34978052973747253
2014-08-25,0.24338938295841217
2014-08-26,2.058549404144287
2014-08-27,1.9130959510803223
2014-08-28,0.6724361181259155
2014-08-29,0.6317697167396545
2014-08-30,2.6141834259033203
2014-08-31,0.14645986258983612
2014-09-01,1.0744056701660156
2014-09-02,0.8919295072555542
2014-09-03,1.7770235538482666
2014-09-04,2.0608818531036377
2014-09-05,1.094266414642334
2014-09-06,2.3314948081970215
2014-09-07,0.5577124357223511
2014-09-09,0.019522693008184433
2014-09-10,2.9363574981689453
2014-09-11,1.0239036083221436
2014-09-12,0.6196485757827759
2014-09-13,0.8048073649406433
2014-09-14,0.03715360164642334
2014-09-15,0.47428765892982483
2014-09-16,2.9371113777160645
2014-09-17,1.1709506511688232
2014-09-18,0.7973808646202087
2014-09-19,7.2108235359191895
2014-09-21,1.569344162940979
2014-09-22,1.2417094707489014
2014-09-26,9.324005126953125
2014-09-27,3.2096190452575684
2014-09-28,0.8744000792503357
2014-09-30,3.0908710956573486
2014-10-01,3.404449701309204
2014-10-02,2.5374414920806885
2014-10-03,0.8919589519500732
2014-10-04,3.868605136871338
2014-10-05,1.8236274719238281
2014-10-06,2.1980879306793213
2014-10-08,2.342951774597168
2014-10-09,3.455793857574463
2014-10-10,1.884446620941162
2014-10-11,2.1811683177948
2014-10-12,1.3542063236236572
2014-10-13,0.9698570370674133
2014-10-14,1.714220643043518
2014-10-16,1.6147128343582153
2014-10-17,1.602062463760376
2014-10-18,1.6195533275604248
2014-10-19,2.174098491668701
2014-10-20,1.9455492496490479
2014-10-21,2.2803256511688232
2014-10-22,2.3108081817626953
2014-10-23,2.6516830921173096
2014-10-24,2.5830016136169434
2014-10-25,1.5625946521759033
2014-10-26,1.7249590158462524
2014-10-27,1.6716639995574951
2014-10-28,1.8794362545013428
2014-10-29,13.09847354888916
2014-10-30,2.765800714492798
2014-10-31,2.164987325668335
2014-11-01,0.10354416072368622
2014-11-02,2.384152889251709
2014-11-03,1.1982316970825195
2014-11-04,0.24631564319133759
2014-11-06,1.810402750968933
2014-11-07,1.5275405645370483
2014-11-08,2.3040223121643066
2014-11-09,7.039103031158447
2014-11-10,6.136702060699463
2014-11-11,0.82585608959198
2014-11-13,0.59910649061203
2014-11-15,4.8284759521484375
2014-11-16,0.20477083325386047
2014-11-17,0.3489938974380493
2014-11-18,2.234405040740967
2014-11-19,2.392505645751953
2014-11-20,2.021940231323242
2014-11-21,2.0001611709594727
2014-11-22,2.40700101852417
2014-11-24,0.8637120127677917
2014-11-27,1.7861449718475342
2014-11-28,3.2681570053100586
2014-11-29,1.0532985925674438
2014-11-30,1.8057690858840942
2014-12-01,2.0749781131744385
2014-12-02,1.2905774116516113
2014-12-03,0.6191686987876892
2014-12-04,3.1701478958129883
2014-12-05,0.3797970712184906
2014-12-07,0.9522594809532166
2014-12-08,2.0943167209625244
2014-12-10,3.703975200653076
2014-12-11,2.6972458362579346
2014-12-12,0.8614465594291687
2014-12-13,1.9657604694366455
2014-12-14,2.9846789836883545
2014-12-15,2.693316698074341
2014-12-16,1.156980037689209
2014-12-17,1.9233289957046509
2014-12-18,1.9732463359832764
2014-12-19,2.6587917804718018
2014-12-21,1.8365459442138672
2014-12-25,6.0965256690979
2014-12-26,1.964390754699707
2014-12-27,1.7489674091339111
2014-12-28,0.518500030040741
2014-12-29,0.14381049573421478
2014-12-31,2.5549392700195312
2015-01-01,3.542520761489868
2015-01-02,0.7749678492546082
2015-01-04,0.13176393508911133
2015-01-05,2.40024995803833
2015-01-06,1.709119200706482
2015-01-08,1.729115605354309
2015-01-09,3.9592695236206055
2015-01-10,1.8958303928375244
2015-01-11,0.7986845374107361
2015-01-14,0.17866283655166626
2015-01-16,2.426074266433716
2015-01-17,3.4311509132385254
2015-01-18,3.4155211448669434
2015-01-19,1.3669196367263794
2015-01-20,4.167602062225342
2015-01-21,2.5853419303894043
2015-01-22,0.622890830039978
2015-01-23,0.39059507846832275
2015-01-25,1.6126384735107422
2015-01-26,2.191671848297119
2015-01-27,1.8277125358581543
2015-01-28,2.7060763835906982
2015-01-29,0.2208372801542282
2015-01-30,2.5606579780578613
2015-01-31,3.418623924255371
2015-02-01,3.4322502613067627
2015-02-02,3.1455328464508057
2015-02-03,2.5549263954162598
2015-02-04,1.6494736671447754
2015-02-05,2.6718454360961914
2015-02-06,1.6529819965362549
2015-02-07,0.35943612456321716
2015-02-08,1.9332609176635742
2015-02-09,0.7858313918113708
2015-02-11,2.813788890838623
2015-02-12,1.942224144935608
2015-02-13,3.688258171081543
2015-02-14,2.13775634765625
2015-02-15,2.5945701599121094
2015-02-18,1.2703479528427124
2015-02-19,3.4046671390533447
2015-02-20,2.172189950942993
2015-02-21,4.865421772003174
2015-02-22,0.4245552122592926
2015-02-27,4.509816646575928
2015-02-28,1.739791750907898
2015-03-01,0.1503317654132843
2015-03-04,0.21344169974327087
2015-03-05,0.49587482213974
2015-03-07,1.5073655843734741
2015-03-08,1.4826465845108032
2015-03-09,0.2194775640964508
2015-03-10,0.4769063889980316
2015-03-11,4.464107513427734
2015-03-12,1.1693898439407349
2015-03-15,1.2052342891693115
2015-03-16,2.0848989486694336
2015-03-17,1.434836745262146
2015-03-18,1.4850512742996216
2015-03-19,0.1899929940700531
2015-03-20,2.4110922813415527
2015-03-21,2.5064663887023926
2015-03-24,1.4913355112075806
2015-03-25,2.130810022354126
2015-03-26,0.7466853857040405
2015-03-28,0.4671146869659424
2015-03-29,1.912736177444458
2015-03-31,1.6011369228363037
2015-04-01,2.436962842941284
2015-04-02,2.582270383834839
2015-04-03,0.9536553025245667
2015-04-05,2.024819850921631
2015-04-06,4.646188735961914
2015-04-07,3.303459405899048
2015-04-08,1.031367540359497
2015-04-09,1.0973701477050781
2015-04-10,2.8755083084106445
2015-04-12,3.7216668128967285
2015-04-13,4.063659191131592
2015-04-17,1.1866062879562378
2015-04-18,3.7179181575775146
2015-04-20,2.1064839363098145
2015-04-21,2.799551248550415
2015-04-22,1.7943087816238403
2015-04-23,2.876209259033203
2015-04-24,2.8241565227508545
2015-04-26,0.7154155969619751
2015-04-27,1.6671777963638306
2015-04-28,2.5048270225524902
2015-04-29,10.525361061096191
2015-04-30,1.117716908454895
2015-05-02,1.7939337491989136
2015-05-03,2.7329092025756836
2015-05-04,2.076054096221924
2015-05-05,3.0806961059570312
2015-05-07,1.357781171798706
2015-05-08,0.86752849817276
2015-05-09,3.4805381298065186
2015-05-11,2.423353910446167
2015-05-12,5.029515266418457
2015-05-13,3.9801318645477295
2015-05-14,1.3206185102462769
2015-05-15,1.712445616722107
2015-05-16,2.1473512649536133
2015-05-17,8.23440170288086
2015-05-18,0.9449918270111084
2015-05-19,1.8318394422531128
2015-05-20,0.5283604264259338
2015-05-21,0.07525727897882462
2015-05-22,2.8874142169952393
2015-05-23,1.9381804466247559
2015-05-24,0.5668773055076599
2015-05-25,2.057915687561035
2015-05-26,1.28227961063385
2015-05-27,1.8731157779693604
2015-05-28,1.1715426445007324
2015-05-29,1.7665873765945435
2015-05-30,1.9605883359909058
2015-05-31,1.9045047760009766
2015-06-01,2.3334996700286865
2015-06-02,1.265548825263977
2015-06-03,0.032724007964134216
2015-06-04,0.7030827403068542
2015-06-05,0.24616852402687073
2015-06-06,0.64278244972229
2015-06-07,2.2993626594543457
2015-06-08,1.4631470441818237
2015-06-10,7.778668403625488
2015-06-11,1.8820124864578247
2015-06-12,1.7838432788848877
2015-06-13,0.9565681219100952
2015-06-14,0.933644711971283
2015-06-15,0.7568778991699219
2015-06-16,1.5514647960662842
2015-06-17,0.8436988592147827
2015-06-19,1.8158305883407593
2015-06-20,0.2752881348133087
2015-06-21,1.5159739255905151
2015-06-22,2.1367311477661133
2015-06-23,1.0765211582183838
2015-06-26,0.7610911130905151
2015-06-28,2.026684522628784
2015-06-29,0.8908345699310303
2015-06-30,2.2409908771514893
2015-07-02,0.40968912839889526
2015-07-05,1.2403734922409058
2015-07-06,0.9827367067337036
2015-07-07,1.5679144859313965
2015-07-08,0.20858557522296906
2015-07-09,2.9038593769073486
2015-07-10,1.0261558294296265
2015-07-12,0.6416257619857788
2015-07-13,0.6482294201850891
2015-07-15,4.15610408782959
2015-07-16,0.5712757706642151
2015-07-17,1.4001373052597046
2015-07-18,1.1329058408737183
2015-07-19,0.6030468940734863
2015-07-21,0.6727492213249207
2015-07-22,0.642334520816803
2015-07-23,0.396549791097641
2015-07-24,1.531346082687378
2015-07-25,3.224142551422119
2015-07-26,0.48329082131385803
2015-07-27,0.19999320805072784
2015-07-28,1.7190955877304077
2015-07-29,0.2987494468688965
2015-07-30,0.8283907771110535
2015-07-31,9.55982780456543
2015-08-01,5.0860209465026855
2015-08-02,2.029480457305908
2015-08-03,25.600820541381836
2015-08-04,0.27558016777038574
2015-08-06,1.0527077913284302
2015-08-08,0.28809013962745667
2015-08-09,1.7989689111709595
2015-08-10,1.066441297531128
2015-08-11,0.1451687067747116
2015-08-12,0.29487594962120056
2015-08-13,2.992658853530884
2015-08-14,1.1993818283081055
2015-08-15,2.0133748054504395
2015-08-16,3.253126382827759
2015-08-17,3.1708240509033203
2015-08-19,1.7050913572311401
2015-08-20,0.7522209286689758
2015-08-21,0.5769897103309631
2015-08-22,1.0892688035964966
2015-08-23,3.1800739765167236
2015-08-24,1.86385977268219
2015-08-25,0.5208696722984314
2015-08-26,0.3753916919231415
2015-08-28,0.36190977692604065
2015-08-29,0.09517663717269897
2015-08-30,1.1948741674423218
2015-09-01,1.1477407217025757
2015-09-02,0.37285053730010986
2015-09-03,1.332464575767517
2015-09-04,0.730379045009613
2015-09-05,0.5612413287162781
2015-09-06,0.23299182951450348
2015-09-07,0.21306054294109344
2015-09-08,0.5332292914390564
2015-09-09,2.3243319988250732
2015-09-10,1.1618562936782837
2015-09-11,2.698960065841675
2015-09-14,1.7886863946914673
2015-09-15,2.1725432872772217
2015-09-16,2.4337399005889893
2015-09-18,5.469671249389648
2015-09-19,4.803452014923096
2015-09-20,2.4563982486724854
2015-09-21,0.2220163494348526
2015-09-22,0.06244003400206566
2015-09-23,0.06255216151475906
2015-09-24,0.15250958502292633
2015-09-27,2.0794594287872314
2015-09-29,1.629127860069275
2015-09-30,0.8190163969993591
2015-10-03,1.557752251625061
2015-10-04,0.5465983152389526
2015-10-05,0.052213072776794434
2015-10-06,1.643497109413147
2015-10-07,3.566319704055786
2015-10-08,3.9423751831054688
2015-10-09,3.881843090057373
2015-10-11,2.576848030090332
2015-10-12,0.22255267202854156
2015-10-13,2.9892237186431885
2015-10-14,5.076422691345215
2015-10-15,2.599128246307373
2015-10-16,4.589721202850342
2015-10-17,3.589756965637207
2015-10-18,2.6018097400665283
2015-10-19,4.8879876136779785
2015-10-20,2.783823013305664
2015-10-21,2.432438850402832
2015-10-22,2.5611813068389893
2015-10-23,4.813294410705566
2015-10-24,2.501523017883301
2015-10-29,0.41709184646606445
2015-10-30,5.294234752655029
2015-10-31,1.7455867528915405
2015-11-01,1.5681217908859253
2015-11-04,0.30387189984321594
2015-11-05,2.5673751831054688
2015-11-06,3.30360746383667
2015-11-07,2.215770959854126
2015-11-10,2.0956342220306396
2015-11-11,2.05745005607605
2015-11-12,2.7062735557556152
2015-11-13,1.8725427389144897
2015-11-14,2.0435423851013184
2015-11-15,6.080409526824951
2015-11-16,5.094186782836914
2015-11-17,1.1135835647583008
2015-11-18,1.0725547075271606
2015-11-20,3.878509759902954
2015-11-21,4.045817852020264
2015-11-23,3.3001179695129395
2015-11-24,3.4480299949645996
2015-11-25,3.6489410400390625
2015-11-26,4.02675199508667
2015-11-27,3.129936933517456
2015-11-28,5.125463008880615
2015-11-29,1.7939075231552124
2015-11-30,0.32253268361091614
2015-12-02,1.1526235342025757
2015-12-03,7.700056552886963
2015-12-04,7.748239517211914
2015-12-05,4.026616096496582
2015-12-06,3.5364902019500732
2015-12-08,3.928133726119995
2015-12-09,2.9449503421783447
2015-12-10,5.3322434425354
2015-12-11,3.004896640777588
2015-12-12,3.3858938217163086
2015-12-13,0.3835839331150055
2015-12-14,1.7150142192840576
2015-12-15,1.876192331314087
2015-12-16,3.3593943119049072
2015-12-18,16.32625389099121
2015-12-19,1.957953691482544
2015-12-20,2.914968967437744
2015-12-25,2.610377550125122
2015-12-27,4.594110488891602
2015-12-28,0.4154990017414093
2015-12-30,0.29097819328308105
2016-01-02,3.1292665004730225
2016-01-04,8.227323532104492
2016-01-05,3.24591064453125
2016-01-09,0.7365264892578125
2016-01-10,5.111013889312744
2016-01-11,3.1139848232269287
2016-01-12,2.80182147026062
2016-01-13,1.9734668731689453
2016-01-14,2.213012218475342
2016-01-16,2.692519426345825
2016-01-18,7.555070877075195
2016-01-19,3.53586483001709
2016-01-20,1.1568279266357422
2016-01-21,5.076745986938477
2016-01-24,2.612638473510742
2016-01-25,0.2634238004684448
2016-01-26,5.647455215454102
2016-01-29,2.603240489959717
2016-01-30,2.4179928302764893
2016-01-31,3.604708671569824
2016-02-01,3.24702525138855
2016-02-02,3.118295192718506
2016-02-05,4.349893093109131
2016-02-08,2.0206525325775146
2016-02-09,2.169771909713745
2016-02-10,2.54388165473938
2016-02-11,1.893125057220459
2016-02-13,4.0887908935546875
2016-02-16,3.1419143676757812
2016-02-17,2.6723580360412598
2016-02-18,3.6648201942443848
2016-02-19,4.5076141357421875
2016-02-20,0.3149299919605255
2016-02-25,2.2797911167144775
2016-02-26,2.8953230381011963
2016-02-27,2.0924572944641113
2016-02-28,4.71893835067749
2016-02-29,2.0029208660125732
2016-03-01,3.0983924865722656
2016-03-02,2.7883195877075195
2016-03-03,2.9714808464050293
2016-03-05,2.593305826187134
2016-03-06,2.071500778198242
2016-03-07,1.9814414978027344
2016-03-08,3.6896097660064697
2016-03-09,2.1230149269104004
2016-03-10,2.7981128692626953
2016-03-11,0.5631300806999207
2016-03-12,1.8852852582931519
2016-03-13,1.1863995790481567
2016-03-14,1.9059996604919434
2016-03-15,3.5241169929504395
2016-03-16,2.78180193901062
2016-03-17,9.378948211669922
2016-03-18,1.6451225280761719
2016-03-20,0.1780325174331665
2016-03-21,3.6719250679016113
2016-03-22,2.9831459522247314
2016-03-23,3.7286133766174316
2016-03-24,0.29811546206474304
2016-03-25,1.2200816869735718
2016-03-28,1.9638580083847046
2016-03-29,1.8942490816116333
2016-03-30,4.050632476806641
2016-04-02,1.9175790548324585
2016-04-03,2.9057559967041016
2016-04-04,2.098690986633301
2016-04-05,2.0309364795684814
2016-04-06,3.0549423694610596
2016-04-07,2.965778112411499
2016-04-08,2.340944766998291
2016-04-09,2.7182366847991943
2016-04-10,4.587650775909424
2016-04-11,2.4149696826934814
2016-04-13,2.1140949726104736
2016-04-14,1.9424450397491455
2016-04-15,2.317941665649414
2016-04-16,1.9762402772903442
2016-04-18,1.6521600484848022
2016-04-20,2.950587272644043
2016-04-21,0.6496503353118896
2016-04-22,1.350311040878296
2016-04-23,1.3035087585449219
2016-04-24,1.1810964345932007
2016-04-25,1.3019797801971436
2016-04-26,2.668768882751465
2016-04-27,1.7104625701904297
2016-04-28,1.1260713338851929
2016-04-29,2.0624964237213135
2016-04-30,0.53010094165802
2016-05-01,0.09561014920473099
2016-05-02,1.7229942083358765
2016-05-04,1.5723680257797241
2016-05-05,0.9991206526756287
2016-05-06,0.9029195308685303
2016-05-07,0.7890385985374451
2016-05-08,1.7140169143676758
2016-05-09,0.05583636090159416
2016-05-11,1.088448405265808
2016-05-12,1.033782958984375
2016-05-13,1.9137874841690063
2016-05-14,1.7615324258804321
2016-05-15,2.4774885177612305
2016-05-16,1.5293844938278198
2016-05-21,0.712346613407135
2016-05-22,0.7381484508514404
2016-05-23,1.2575759887695312
2016-05-24,2.2699358463287354
2016-05-25,2.017296075820923
2016-05-26,0.1152903288602829
2016-05-27,2.6981661319732666
2016-05-29,1.2233896255493164
2016-05-30,0.32700273394584656
2016-05-31,0.9892154335975647
2016-06-01,0.1426442712545395
2016-06-02,0.05244689807295799
2016-06-03,0.6694589257240295
2016-06-04,1.581161379814148
2016-06-05,1.5501998662948608
2016-06-07,2.9181182384490967
2016-06-08,1.0672528743743896
2016-06-09,1.9924941062927246
2016-06-10,0.9041287302970886
2016-06-12,1.354198694229126
2016-06-13,2.406845808029175
2016-06-14,1.7800991535186768
2016-06-15,0.5815927386283875
2016-06-16,1.3232178688049316
2016-06-17,0.5349351167678833
2016-06-18,0.3774533271789551
2016-06-19,2.382009983062744
2016-06-20,1.9006750583648682
2016-06-21,0.9133580923080444
2016-06-22,1.466955542564392
2016-06-23,0.4717511534690857
2016-06-24,0.0385126955807209
2016-06-25,0.07179368287324905
2016-06-26,0.29316446185112
2016-06-27,0.28434741497039795
2016-06-28,0.04042544588446617
2016-06-29,3.981640100479126
2016-06-30,0.9931169152259827
2016-07-02,0.7354893684387207
2016-07-04,0.06488535553216934
2016-07-05,0.9223834276199341
2016-07-07,1.8793281316757202
2016-07-08,3.103496789932251
2016-07-09,0.33589261770248413
2016-07-10,0.1186019778251648
2016-07-11,0.15168637037277222
2016-07-12,0.632554829120636
2016-07-14,2.7653183937072754
2016-07-15,2.1520535945892334
2016-07-16,0.07390105724334717
2016-07-17,4.624654769897461
2016-07-18,2.1205525398254395
2016-07-19,0.05754610523581505
2016-07-20,3.002017021179199
2016-07-21,0.7418851256370544
2016-07-23,1.755439281463623
2016-07-24,1.4889678955078125
2016-07-25,1.6985282897949219
2016-07-26,0.36996471881866455
2016-07-27,1.8233399391174316
2016-07-28,0.7385654449462891
2016-07-29,0.27183204889297485
2016-07-30,1.8737702369689941
2016-07-31,2.0299458503723145
2016-08-01,1.0052193403244019
2016-08-02,2.0350983142852783
2016-08-03,2.0145492553710938
2016-08-04,0.4246339201927185
2016-08-05,3.2569174766540527
2016-08-06,1.2738711833953857
2016-08-07,4.207239627838135
2016-08-08,0.7434312105178833
2016-08-09,0.7960692048072815
2016-08-10,1.6143189668655396
2016-08-11,1.5211591720581055
2016-08-12,1.6772687435150146
2016-08-13,1.2244540452957153
2016-08-14,0.3621673882007599
2016-08-15,2.305230140686035
2016-08-16,1.0754610300064087
2016-08-17,2.292339563369751
2016-08-18,0.9282883405685425
2016-08-19,0.753202497959137
2016-08-20,2.048520803451538
2016-08-21,2.1183197498321533
2016-08-22,0.6053974628448486
2016-08-23,0.7045185565948486
2016-08-24,1.0556113719940186
2016-08-25,2.342383623123169
2016-08-26,2.0558133125305176
2016-08-27,1.6341763734817505
2016-08-28,0.34522509574890137
2016-08-29,0.35772624611854553
2016-08-30,0.4281254708766937
2016-08-31,2.2486109733581543
2016-09-01,3.906682014465332
2016-09-03,2.7198708057403564
2016-09-04,2.014469861984253
2016-09-05,1.159014344215393
2016-09-06,3.461420774459839
2016-09-07,3.025944709777832
2016-09-08,6.767636775970459
2016-09-09,2.1069705486297607
2016-09-10,2.0935254096984863
2016-09-11,1.4370659589767456
2016-09-12,0.10876696556806564
2016-09-13,4.420955657958984
2016-09-14,0.3205413520336151
2016-09-15,4.310705661773682
2016-09-16,1.3748054504394531
2016-09-17,4.268809795379639
2016-09-18,0.9301555752754211
2016-09-19,0.6257781386375427
2016-09-20,0.4001009464263916
2016-09-21,0.1416875272989273
2016-09-22,1.662367820739746
2016-09-23,0.592827320098877
2016-09-24,2.279934883117676
2016-09-25,1.126693844795227
2016-09-26,2.1281604766845703
2016-09-27,2.978299856185913
2016-09-28,1.1808533668518066
2016-09-29,0.2532944679260254
2016-09-30,1.1372480392456055
2016-10-01,0.08280967175960541
2016-10-02,8.929203987121582
2016-10-03,1.7661516666412354
2016-10-05,1.5106174945831299
2016-10-07,0.655657947063446
2016-10-09,2.7066867351531982
2016-10-10,3.745069980621338
2016-10-11,2.9786417484283447
2016-10-12,2.000483512878418
2016-10-13,2.600062608718872
2016-10-14,1.2432717084884644
2016-10-15,4.494428634643555
2016-10-16,3.459571123123169
2016-10-17,2.9423391819000244
2016-10-18,4.597108840942383
2016-10-19,2.2678821086883545
2016-10-20,2.9568965435028076
2016-10-21,2.4037365913391113
2016-10-22,3.443765163421631
2016-10-23,1.6270898580551147
2016-10-24,2.6676487922668457
2016-10-25,4.364560127258301
2016-10-26,2.8587324619293213
2016-10-27,3.1766602993011475
2016-10-28,3.105496883392334
2016-10-29,2.2651469707489014
2016-10-30,1.3786407709121704
2016-10-31,4.716006278991699
2016-11-02,2.5522234439849854
2016-11-03,5.66724157333374
2016-11-04,4.43574857711792
2016-11-05,2.136735439300537
2016-11-06,2.0584657192230225
2016-11-07,4.889122486114502
2016-11-08,2.412482738494873
2016-11-10,3.6227102279663086
2016-11-11,1.943167805671692
2016-11-12,4.764616966247559
2016-11-13,2.5664689540863037
2016-11-14,4.657680511474609
2016-11-15,2.961836576461792
2016-11-16,2.6259050369262695
2016-11-17,6.85258674621582
2016-11-18,2.216431140899658
2016-11-19,3.337339162826538
2016-11-20,2.64990496635437
2016-11-21,1.4941328763961792
2016-11-22,1.6302827596664429
2016-11-23,2.5814578533172607
2016-11-24,0.1626712828874588
2016-11-25,1.6997058391571045
2016-11-26,16.120168685913086
2016-11-27,4.0259552001953125
2016-12-01,3.626481771469116
2016-12-02,2.4359443187713623
2016-12-03,6.296966075897217
2016-12-07,3.3668899536132812
2016-12-08,0.9692824482917786
2016-12-09,2.9400172233581543
2016-12-10,2.2182037830352783
2016-12-11,2.5596730709075928
2016-12-12,3.059243679046631
2016-12-15,1.4480239152908325
2016-12-17,1.5502452850341797
2016-12-18,4.4958038330078125
2016-12-21,1.882115364074707
2016-12-22,3.9555368423461914
2016-12-23,2.9790565967559814
2016-12-25,3.336381673812866
2016-12-26,0.16582386195659637
2016-12-27,3.6605916023254395
2016-12-28,2.349637746810913
2016-12-29,0.7641565203666687
2016-12-30,1.7991359233856201
2016-12-31,3.210001230239868
2017-01-03,1.6777442693710327
2017-01-05,0.6729791164398193
2017-01-08,2.9359848499298096
2017-01-09,2.7994370460510254
2017-01-10,2.439114570617676
2017-01-11,1.1705701351165771
2017-01-12,1.7790583372116089
2017-01-13,3.3033716678619385
2017-01-14,0.7191941738128662
2017-01-15,2.262389659881592
2017-01-16,0.10695665329694748
2017-01-17,5.21199893951416
2017-01-19,3.1981430053710938
2017-01-20,3.46406888961792
2017-01-21,0.8311272859573364
2017-01-23,0.49879294633865356
2017-01-24,3.594597816467285
2017-01-25,1.5627633333206177
2017-01-26,6.339740753173828
2017-01-27,1.8659998178482056
2017-01-28,1.9592629671096802
2017-01-29,2.5775561332702637
2017-01-30,3.3571417331695557
2017-01-31,1.6372628211975098
2017-02-01,1.4865083694458008
2017-02-02,1.7340309619903564
2017-02-04,4.255834102630615
2017-02-05,1.942143201828003
2017-02-06,1.4409922361373901
2017-02-07,0.15706183016300201
2017-02-08,1.96233069896698
2017-02-09,1.6425962448120117
2017-02-10,1.5984132289886475
2017-02-11,1.573193907737732
2017-02-12,1.5062644481658936
2017-02-13,1.4938762187957764
2017-02-14,2.7125535011291504
2017-02-16,2.07395076751709
2017-02-17,1.3024953603744507
2017-02-18,3.3081188201904297
2017-02-19,1.4734281301498413
2017-02-20,2.1979525089263916
2017-02-21,1.6844515800476074
2017-02-22,1.4450793266296387
2017-02-23,3.6103854179382324
2017-02-24,1.6133341789245605
2017-02-25,2.204610586166382
2017-02-26,1.3199292421340942
2017-02-27,3.6733717918395996
2017-02-28,1.908812403678894
2017-03-01,0.4062289297580719
2017-03-03,1.1928620338439941
2017-03-04,2.1356372833251953
2017-03-05,2.3933730125427246
2017-03-06,2.6472630500793457
2017-03-07,0.7277830243110657
2017-03-08,3.5619986057281494
2017-03-09,1.3741650581359863
2017-03-10,4.368239879608154
2017-03-11,1.7052208185195923
2017-03-12,9.02209186553955
2017-03-14,1.530118465423584
2017-03-15,2.3881309032440186
2017-03-16,1.5786595344543457
2017-03-17,1.4574300050735474
2017-03-19,1.5459836721420288
2017-03-20,1.311827301979065
2017-03-21,2.1960346698760986
2017-03-22,1.4120337963104248
2017-03-23,1.9178844690322876
2017-03-24,2.0816054344177246
2017-03-25,0.17341512441635132
2017-03-26,1.7115074396133423
2017-03-27,1.7854028940200806
2017-03-28,0.7285460233688354
2017-03-29,2.4777233600616455
2017-03-30,0.9252539873123169
2017-03-31,1.2916929721832275
2017-04-01,1.533745288848877
2017-04-02,3.7365970611572266
2017-04-03,1.5326883792877197
2017-04-04,2.240476369857788
2017-04-06,2.6517903804779053
2017-04-07,0.8950304388999939
2017-04-08,1.2577866315841675
2017-04-09,1.6002838611602783
2017-04-10,1.020577073097229
2017-04-11,1.4524332284927368
2017-04-13,0.4959389865398407
2017-04-14,1.3213602304458618
2017-04-15,0.6274913549423218
2017-04-16,0.8103160858154297
2017-04-17,1.0081695318222046
2017-04-18,1.0064404010772705
2017-04-20,0.646316409111023
2017-04-21,1.4057952165603638
2017-04-22,1.812672734260559
2017-04-23,0.0926034227013588
2017-04-25,1.203758716583252
2017-04-26,1.9715887308120728
2017-04-27,0.8307719230651855
2017-04-29,1.5780712366104126
2017-04-30,1.8399673700332642
2017-05-01,0.9278815984725952
2017-05-02,2.0398552417755127
2017-05-03,1.3161989450454712
2017-05-04,1.1715991497039795
2017-05-05,3.859799385070801
2017-05-07,1.087724208831787
2017-05-08,1.4211082458496094
2017-05-09,2.355595588684082
2017-05-10,0.8509777188301086
2017-05-11,0.07220794260501862
2017-05-14,3.013179063796997
2017-05-15,2.7633345127105713
2017-05-16,1.9539254903793335
2017-05-17,2.1692512035369873
2017-05-18,1.881079912185669
2017-05-19,2.7838680744171143
2017-05-20,0.6038062572479248
2017-05-21,4.350892066955566
2017-05-23,1.7892796993255615
2017-05-25,2.232529401779175
2017-05-26,1.3792344331741333
2017-05-27,1.4204930067062378
2017-05-29,0.6172010898590088
2017-06-01,0.31669285893440247
2017-06-02,1.851187825202942
2017-06-03,1.2279560565948486
2017-06-04,1.8173984289169312
2017-06-05,0.5112151503562927
2017-06-09,2.0142035484313965
2017-06-10,1.6502751111984253
2017-06-11,1.102532982826233
2017-06-12,0.666864275932312
2017-06-13,0.5819979906082153
2017-06-15,1.2064497470855713
2017-06-16,2.7607624530792236
2017-06-17,2.282864570617676
2017-06-18,1.396538496017456
2017-06-19,2.6499555110931396
2017-06-20,0.03611312061548233
2017-06-24,1.6832317113876343
2017-06-25,0.6054561734199524
2017-06-26,2.222543239593506
2017-06-27,0.3031715452671051
2017-06-28,2.2195887565612793
2017-06-29,5.8838582038879395
2017-07-01,1.5296597480773926
2017-07-02,3.8880183696746826
2017-07-03,1.0608373880386353
2017-07-04,2.728245258331299
2017-07-05,1.83578622341156
2017-07-06,1.9255212545394897
2017-07-07,0.6910324692726135
2017-07-08,2.519395589828491
2017-07-10,0.9515084028244019
2017-07-11,1.0324833393096924
2017-07-12,0.8701006174087524
2017-07-13,1.11563241481781
2017-07-14,1.8204900026321411
2017-07-15,0.8544772863388062
2017-07-16,0.04001254960894585
2017-07-17,0.04375305026769638
2017-07-19,1.981791377067566
2017-07-20,1.2924516201019287
2017-07-21,1.0600472688674927
2017-07-22,0.3772546648979187
2017-07-23,0.9345425367355347
2017-07-24,0.7765194773674011
2017-07-25,1.0661449432373047
2017-07-26,5.131066799163818
2017-07-27,0.7465091347694397
2017-07-28,3.5923891067504883
2017-07-30,4.5508341789245605
2017-07-31,3.130725622177124
2017-08-01,0.6580514311790466
2017-08-02,1.458614468574524
2017-08-03,0.35576769709587097
2017-08-04,3.3664228916168213
2017-08-05,1.7732012271881104
2017-08-06,0.46476656198501587
2017-08-11,1.1955512762069702
2017-08-12,1.2147074937820435
2017-08-13,1.1945565938949585
2017-08-14,0.3123810887336731
2017-08-15,1.9000201225280762
2017-08-16,0.7760825157165527
2017-08-17,2.3110218048095703
2017-08-18,0.8048416376113892
2017-08-19,1.8446378707885742
2017-08-20,0.9784281849861145
2017-08-21,5.6309638023376465
2017-08-22,2.1089768409729004
2017-08-23,0.3461512327194214
2017-08-24,1.0490760803222656
2017-08-25,1.2288328409194946
2017-08-27,3.19698429107666
2017-08-29,23.146312713623047
2017-08-30,1.57621169090271
2017-08-31,2.101247787475586
2017-09-01,1.473482608795166
2017-09-02,0.06235301494598389
2017-09-03,4.410572052001953
2017-09-04,1.499711036682129
2017-09-05,1.776793122291565
2017-09-06,0.10320020467042923
2017-09-07,12.682943344116211
2017-09-08,3.341235399246216
2017-09-09,7.668967247009277
2017-09-12,3.7617363929748535
2017-09-13,2.3059871196746826
2017-09-14,0.730067253112793
2017-09-15,2.042544364929199
2017-09-16,3.6114532947540283
2017-09-18,3.773013114929199
2017-09-19,2.1241424083709717
2017-09-20,3.3923325538635254
2017-09-21,2.1482291221618652
2017-09-22,1.8819947242736816
2017-09-23,2.928334951400757
2017-09-24,3.0791099071502686
2017-09-25,1.8923912048339844
2017-09-26,3.201894998550415
2017-09-27,2.5912771224975586
2017-09-28,1.674918293952942
2017-09-29,1.019775390625
2017-09-30,1.846463918685913
2017-10-01,1.265671968460083
2017-10-02,2.737121820449829
2017-10-03,1.9344162940979004
2017-10-04,2.687991142272949
2017-10-05,4.149559497833252
2017-10-06,2.4578089714050293
2017-10-07,0.8288440108299255
2017-10-08,1.3478214740753174
2017-10-09,1.574012041091919
2017-10-10,0.08647890388965607
2017-10-11,1.0225566625595093
2017-10-12,1.6297820806503296
2017-10-13,0.3989924490451813
2017-10-14,0.1523146629333496
2017-10-15,2.3767712116241455
2017-10-16,0.5672138929367065
2017-10-18,3.0406572818756104
2017-10-19,1.3441779613494873
2017-10-20,1.9526129961013794
2017-10-21,4.3248491287231445
2017-10-22,2.976907253265381
2017-10-24,2.4557504653930664
2017-10-25,3.0691583156585693
2017-10-26,5.063586235046387
2017-10-27,1.7913422584533691
2017-10-28,2.185075044631958
2017-10-29,1.1422468423843384
2017-10-30,1.7838256359100342
2017-10-31,1.4675111770629883
2017-11-01,2.4269349575042725
2017-11-02,2.613870143890381
2017-11-03,2.1579935550689697
2017-11-04,28.458772659301758
2017-11-05,2.4074625968933105
2017-11-06,5.377973556518555
2017-11-07,0.3509911298751831
2017-11-10,3.707756280899048
2017-11-12,1.0263360738754272
2017-11-13,13.204739570617676
2017-11-14,1.7343928813934326
2017-11-15,3.26118803024292
2017-11-16,2.4898781776428223
2017-11-17,2.470750093460083
2017-11-18,1.279033899307251
2017-11-19,2.5950963497161865
2017-11-20,1.8262947797775269
2017-11-22,2.651268482208252
2017-11-23,0.3354101777076721
2017-11-24,8.402419090270996
2017-11-25,2.2109498977661133
2017-11-26,2.2364907264709473
2017-11-27,1.7645221948623657
2017-11-28,2.7445974349975586
2017-11-29,2.538172721862793
2017-11-30,3.264260768890381
2017-12-01,3.8754994869232178
2017-12-03,3.02693510055542
2017-12-04,3.270076274871826
2017-12-05,1.42050039768219
2017-12-10,3.080341339111328
2017-12-11,2.0831892490386963
2017-12-12,2.7519052028656006
2017-12-13,1.5254789590835571
2017-12-14,2.1291773319244385
2017-12-16,1.942002534866333
2017-12-17,1.5898579359054565
2017-12-18,2.8809869289398193
2017-12-19,2.193979263305664
2017-12-21,3.0826594829559326
2017-12-23,1.4068779945373535
2017-12-25,0.4658042788505554
2017-12-26,1.9663575887680054
2017-12-28,4.27337121963501
2017-12-29,6.530166149139404
2017-12-30,0.519184410572052
2017-12-31,1.2173922061920166
2018-01-02,4.177056312561035
2018-01-03,3.0312013626098633
2018-01-04,1.8077465295791626
2018-01-05,1.711804747581482
2018-01-06,2.0184834003448486
2018-01-07,2.92063045501709
2018-01-08,2.13541579246521
2018-01-09,1.5414763689041138
2018-01-10,1.733883023262024
2018-01-11,0.4469679594039917
2018-01-13,1.6893810033798218
2018-01-14,10.487777709960938
2018-01-15,2.774341344833374
2018-01-16,0.7409287691116333
2018-01-17,0.47954168915748596
2018-01-18,1.7197386026382446
2018-01-19,1.161147117614746
2018-01-20,1.426682710647583
2018-01-21,3.2226765155792236
2018-01-24,1.7508572340011597
2018-01-25,2.4629220962524414
2018-01-26,2.8761816024780273
2018-01-28,0.177596315741539
2018-01-29,0.16415365040302277
2018-01-31,1.8674421310424805
2018-02-01,1.6767630577087402
2018-02-02,23.85082244873047
2018-02-03,2.3631930351257324
2018-02-05,1.7791833877563477
2018-02-06,1.3460081815719604
2018-02-07,0.6538199782371521
2018-02-08,2.6503052711486816
2018-02-09,3.348073959350586
2018-02-10,0.5207182168960571
2018-02-11,0.12397293746471405
2018-02-14,1.2345714569091797
2018-02-15,0.28847819566726685
2018-02-16,1.7138222455978394
2018-02-18,4.05021858215332
2018-02-19,0.1776137799024582
2018-02-20,1.0990240573883057
2018-02-21,1.6128681898117065
2018-02-22,0.8480424880981445
2018-02-23,1.3475621938705444
2018-02-24,1.4804177284240723
2018-02-25,1.120028018951416
2018-02-27,2.5316388607025146
2018-03-01,0.36841583251953125
2018-03-02,1.41499924659729
2018-03-03,1.108705759048462
2018-03-04,3.285287857055664
2018-03-05,1.0405913591384888
2018-03-06,0.1711091697216034
2018-03-07,3.079681634902954
2018-03-08,1.5993627309799194
2018-03-09,2.209538221359253
2018-03-10,0.5509671568870544
2018-03-11,1.250766634941101
2018-03-13,2.092822313308716
2018-03-14,1.8474087715148926
2018-03-15,2.1025397777557373
2018-03-16,1.4829561710357666
2018-03-17,0.5569593906402588
2018-03-18,2.2062366008758545
2018-03-20,1.1324446201324463
2018-03-22,3.838026285171509
2018-03-23,1.833735704421997
2018-03-24,1.0972669124603271
2018-03-25,5.617315292358398
2018-03-26,2.0110366344451904
2018-03-27,0.3821699023246765
2018-03-28,0.7336809039115906
2018-03-29,1.7094223499298096
2018-03-31,8.410778999328613
2018-04-01,1.4476912021636963
2018-04-02,1.103740930557251
2018-04-03,1.6697489023208618
2018-04-04,0.09460605680942535
2018-04-05,2.7039577960968018
2018-04-06,1.789966344833374
2018-04-08,3.345153570175171
2018-04-11,1.8831552267074585
2018-04-12,2.2267653942108154
2018-04-13,1.439814567565918
2018-04-14,1.3774868249893188
2018-04-15,0.08011222630739212
2018-04-16,3.2730958461761475
2018-04-17,2.131359577178955
2018-04-18,1.362129807472229
2018-04-19,1.0662533044815063
2018-04-20,2.373326301574707
2018-04-21,3.250060558319092
2018-04-24,2.418250322341919
2018-04-25,3.2544784545898438
2018-04-26,2.9084267616271973
2018-04-27,1.0375947952270508
2018-04-28,1.88577401638031
2018-04-29,2.0809550285339355
2018-04-30,0.7773910760879517
2018-05-01,2.207282543182373
2018-05-02,1.5305875539779663
2018-05-03,1.18092942237854
2018-05-04,1.4485982656478882
2018-05-05,0.10504471510648727
2018-05-08,1.0157076120376587
2018-05-09,1.1685959100723267
2018-05-10,1.086220622062683
2018-05-11,2.2045164108276367
2018-05-12,2.282132863998413
2018-05-13,0.3280649781227112
2018-05-14,2.120835065841675
2018-05-15,1.7428491115570068
2018-05-20,0.19050376117229462
2018-05-21,1.5552476644515991
2018-05-23,2.5080158710479736
2018-05-24,0.6909080147743225
2018-05-25,1.8214828968048096
2018-05-26,1.456813097000122
2018-05-29,0.3768417239189148
2018-05-31,0.9600287675857544
2018-06-01,1.3931535482406616
2018-06-02,1.5468074083328247
2018-06-03,1.44387686252594
2018-06-04,2.5367798805236816
2018-06-05,1.2930036783218384
2018-06-06,1.1497015953063965
2018-06-07,0.3926619589328766
2018-06-08,1.4317469596862793
2018-06-09,0.6675001382827759
2018-06-10,0.8190778493881226
2018-06-11,0.46290919184684753
2018-06-12,0.14566661417484283
2018-06-13,1.5844053030014038
2018-06-14,0.3657722771167755
2018-06-15,1.15040922164917
2018-06-16,0.7033907175064087
2018-06-17,0.3153122663497925
2018-06-18,0.833979070186615
2018-06-19,3.616816997528076
2018-06-20,2.4823312759399414
2018-06-21,1.57274329662323
2018-06-22,1.8928500413894653
2018-06-23,1.2286722660064697
2018-06-24,1.274788498878479
2018-06-25,1.8187459707260132
2018-06-26,1.001900553703308
2018-06-27,0.8528468608856201
2018-06-28,3.6594724655151367
2018-06-29,2.62728214263916
2018-06-30,2.0462396144866943
2018-07-01,1.5780936479568481
2018-07-02,1.5899301767349243
2018-07-03,0.15513429045677185
2018-07-04,1.9002395868301392
2018-07-05,0.7338431477546692
2018-07-06,2.067383050918579
2018-07-08,0.2180999219417572
2018-07-09,1.1407009363174438
2018-07-10,5.206260681152344
2018-07-11,0.9695659279823303
2018-07-12,2.249001979827881
2018-07-13,0.34517860412597656
2018-07-14,1.9543557167053223
2018-07-15,0.7765980362892151
2018-07-17,1.83323335647583
2018-07-19,0.13039763271808624
2018-07-21,1.5675578117370605
2018-07-22,1.843400001525879
2018-07-23,0.30309513211250305
2018-07-26,7.6354851722717285
2018-07-28,2.646925687789917
2018-07-31,0.7890661954879761
2018-08-01,1.171574592590332
2018-08-02,1.5674227476119995
2018-08-03,0.31048664450645447
2018-08-04,0.199641153216362
2018-08-05,1.7825441360473633
2018-08-06,1.0748698711395264
2018-08-07,2.409980535507202
2018-08-08,2.5571649074554443
2018-08-09,1.317639708518982
2018-08-10,0.597632884979248
2018-08-11,2.0073838233947754
2018-08-12,1.2533661127090454
2018-08-14,3.2978146076202393
2018-08-15,3.3356380462646484
2018-08-16,1.6201634407043457
2018-08-17,1.3117690086364746
2018-08-18,0.979950487613678
2018-08-19,0.7739115953445435
2018-08-20,0.6798795461654663
2018-08-21,0.9299702644348145
2018-08-22,1.9636653661727905
2018-08-23,1.9971275329589844
2018-08-24,7.2359619140625
2018-08-25,2.1971113681793213
2018-08-26,1.848167061805725
2018-08-27,2.1918985843658447
2018-08-28,0.9773829579353333
2018-08-29,6.202607154846191
2018-08-30,1.7583422660827637
2018-08-31,1.2269086837768555
2018-09-01,1.8804806470870972
2018-09-02,1.6226943731307983
2018-09-03,1.8854858875274658
2018-09-04,2.268364906311035
2018-09-05,3.7160634994506836
2018-09-06,1.9783222675323486
2018-09-07,2.147489309310913
2018-09-08,1.6137661933898926
2018-09-09,0.5031924247741699
2018-09-10,1.9852765798568726
2018-09-11,0.4729919731616974
2018-09-12,0.7021312713623047
2018-09-16,0.242502823472023
2018-09-17,0.48648178577423096
2018-09-18,2.7548444271087646
2018-09-19,2.981724262237549
2018-09-20,1.8358701467514038
2018-09-21,3.2674875259399414
2018-09-22,2.65936541557312
2018-09-23,2.2054500579833984
2018-09-24,2.684634208679199
2018-09-25,3.268315315246582
2018-09-26,2.6773993968963623
2018-09-27,0.9041668176651001
2018-09-28,2.318214178085327
2018-09-30,5.405628204345703
2018-10-01,4.2123494148254395
2018-10-02,2.0426859855651855
2018-10-03,3.245419979095459
2018-10-04,1.636601209640503
2018-10-05,2.652100086212158
2018-10-06,0.402464359998703
2018-10-07,2.439711332321167
2018-10-08,5.437129020690918
2018-10-09,1.3545539379119873
2018-10-10,1.4783647060394287
2018-10-12,1.9776673316955566
2018-10-13,1.448004961013794
2018-10-14,0.5768089890480042
2018-10-15,5.398645401000977
2018-10-16,1.0183418989181519
2018-10-17,10.787129402160645
2018-10-18,2.501918077468872
2018-10-19,2.3707187175750732
2018-10-21,2.949582815170288
2018-10-22,2.886578321456909
2018-10-23,5.382267951965332
2018-10-24,4.147364616394043
2018-10-28,1.8536847829818726
2018-10-29,1.561410665512085
2018-10-30,2.2744791507720947
2018-10-31,2.4587061405181885
2018-11-01,1.2892072200775146
2018-11-02,0.07893458753824234
2018-11-03,3.680062770843506
2018-11-04,3.960636615753174
2018-11-06,4.70844841003418
2018-11-07,2.204514503479004
2018-11-09,1.085262656211853
2018-11-10,8.00011157989502
2018-11-11,3.536376714706421
2018-11-12,0.32447728514671326
2018-11-13,1.072211742401123
2018-11-15,1.1536494493484497
2018-11-16,2.6281533241271973
2018-11-17,3.1073269844055176
2018-11-18,1.8180179595947266
2018-11-19,0.5261198878288269
2018-11-21,2.3237175941467285
2018-11-22,4.292294025421143
2018-11-23,1.884065866470337
2018-11-24,3.1893420219421387
2018-11-25,3.0938315391540527
2018-11-27,4.259297847747803
2018-11-28,3.639340877532959
2018-11-29,2.4349424839019775
2018-11-30,1.085397720336914
2018-12-01,9.391728401184082
2018-12-03,4.646056652069092
2018-12-04,2.1000595092773438
2018-12-05,2.175340414047241
2018-12-06,3.2919273376464844
2018-12-07,0.2955983281135559
2018-12-10,0.07056572288274765
2018-12-11,3.437579393386841
2018-12-12,0.8632218837738037
2018-12-16,2.748027801513672
2018-12-17,2.8836309909820557
2018-12-18,3.671988010406494
2018-12-19,5.345047473907471
2018-12-21,1.7126532793045044
2018-12-22,1.856357455253601
2018-12-23,1.7540251016616821
2018-12-24,2.741025924682617
2018-12-25,8.799836158752441
2018-12-26,3.9146106243133545
2018-12-29,6.451923847198486
2018-12-30,0.9437021613121033
2018-12-31,0.6518903374671936
2019-01-01,0.26446378231048584
2019-01-05,1.8043190240859985
2019-01-06,1.806206464767456
2019-01-07,4.255232334136963
2019-01-08,2.7566990852355957
2019-01-09,2.0514161586761475
2019-01-10,8.599541664123535
2019-01-11,4.063972473144531
2019-01-13,0.15738755464553833
2019-01-15,2.317302703857422
2019-01-16,3.3167786598205566
2019-01-18,3.7776618003845215
2019-01-20,2.757408380508423
2019-01-21,2.6175596714019775
2019-01-22,3.5560832023620605
2019-01-23,0.8941717147827148
2019-01-25,2.3131983280181885
2019-01-26,2.449247121810913
2019-01-28,6.7435760498046875
2019-01-29,0.5048503279685974
2019-01-30,4.876570224761963
2019-01-31,3.278688907623291
2019-02-01,2.3781468868255615
2019-02-02,1.5838627815246582
2019-02-04,7.016558647155762
2019-02-05,1.6279778480529785
2019-02-06,2.14678955078125
2019-02-07,2.1337437629699707
2019-02-08,4.160529613494873
2019-02-10,3.4621422290802
2019-02-12,0.6884331107139587
2019-02-14,1.9232321977615356
2019-02-15,4.588651180267334
2019-02-17,0.2992430627346039
2019-02-18,5.483922958374023
2019-02-19,3.656316041946411
2019-02-21,4.448190212249756
2019-02-25,1.057725191116333
2019-02-26,0.8103870749473572
2019-02-28,4.522793769836426
2019-03-02,3.6588497161865234
2019-03-03,1.5412049293518066
2019-03-06,5.600975036621094
2019-03-07,1.1335166692733765
2019-03-08,1.4710807800292969
2019-03-09,0.23820704221725464
2019-03-11,2.8656303882598877
2019-03-12,2.3320586681365967
2019-03-13,1.3240975141525269
2019-03-14,3.599148750305176
2019-03-16,4.0829057693481445
2019-03-18,3.8481197357177734
2019-03-19,3.0122978687286377
2019-03-21,1.9488650560379028
2019-03-22,2.2450180053710938
2019-03-23,1.9534214735031128
2019-03-24,3.074284315109253
2019-03-25,1.6515307426452637
2019-03-26,2.3377163410186768
2019-03-27,4.342811584472656
2019-03-28,2.766409397125244
2019-03-29,1.5488461256027222
2019-03-30,0.34509536623954773
2019-03-31,0.6071545481681824
2019-04-01,4.50070858001709
2019-04-02,0.10726887732744217
2019-04-03,2.4567413330078125
2019-04-04,1.8340320587158203
2019-04-06,1.1827526092529297
2019-04-07,2.5655720233917236
2019-04-08,2.516418695449829
2019-04-10,2.170515298843384
2019-04-11,2.5272774696350098
2019-04-15,1.553951621055603
2019-04-16,1.6385741233825684
2019-04-17,1.626911997795105
2019-04-18,2.960306406021118
2019-04-20,2.879676342010498
2019-04-21,1.4004731178283691
2019-04-22,1.3658181428909302
2019-04-23,1.3496938943862915
2019-04-24,3.0472519397735596
2019-04-25,2.4486420154571533
2019-04-27,1.2941596508026123
2019-04-28,0.9060642123222351
2019-04-29,0.6288679838180542
2019-04-30,0.49061042070388794
2019-05-01,2.5992989540100098
2019-05-02,0.06230492144823074
2019-05-03,0.6492180824279785
2019-05-04,3.875816583633423
2019-05-06,3.144831895828247
2019-05-07,2.4174411296844482
2019-05-08,2.4156789779663086
2019-05-09,1.1411679983139038
2019-05-10,0.45690417289733887
2019-05-13,1.202519416809082
2019-05-14,1.1387619972229004
2019-05-15,1.978047490119934
2019-05-16,1.3096896409988403
2019-05-17,1.8405835628509521
2019-05-18,1.6764775514602661
2019-05-19,0.13595305383205414
2019-05-20,2.368492364883423
2019-05-21,1.3477493524551392
2019-05-22,2.022883892059326
2019-05-23,0.19289836287498474
2019-05-24,1.4658112525939941
2019-05-25,1.1892967224121094
2019-05-26,2.7811501026153564
2019-05-27,0.6222403645515442
2019-05-28,1.1895338296890259
2019-05-29,0.6148535013198853
2019-05-31,0.4216372072696686
2019-06-01,2.287120819091797
2019-06-02,2.124667167663574
2019-06-03,1.0242180824279785
2019-06-04,3.041307210922241
2019-06-05,0.10386389493942261
2019-06-07,0.04694473370909691
2019-06-09,1.4667085409164429
2019-06-10,0.14443634450435638
2019-06-11,0.04908997192978859
2019-06-14,2.949249505996704
2019-06-15,1.1739119291305542
2019-06-16,1.113196849822998
2019-06-17,1.0742627382278442
2019-06-18,0.729796826839447
2019-06-19,2.533618688583374
2019-06-21,0.9135520458221436
2019-06-23,2.5443220138549805
2019-06-24,1.7203748226165771
2019-06-25,1.4508371353149414
2019-06-26,1.0098891258239746
2019-06-27,0.5366511940956116
2019-06-28,0.9305140972137451
2019-06-29,2.2625787258148193
2019-06-30,0.4016212821006775
2019-07-02,1.727553129196167
2019-07-03,1.3451210260391235
2019-07-04,1.2474312782287598
2019-07-05,0.5682536959648132
2019-07-07,2.2812092304229736
2019-07-09,4.114645481109619
2019-07-10,6.890810489654541
2019-07-11,1.8393267393112183
2019-07-13,1.0476830005645752
2019-07-14,1.0298643112182617
2019-07-15,1.6531238555908203
2019-07-16,0.31131866574287415
2019-07-17,1.8589941263198853
2019-07-18,1.380854606628418
2019-07-19,1.197138786315918
2019-07-20,2.182828903198242
2019-07-21,0.7817144989967346
2019-07-23,1.675127625465393
2019-07-25,2.148033380508423
2019-07-26,1.4404098987579346
2019-07-27,4.032632350921631
2019-07-28,2.14241099357605
2019-07-29,2.6448631286621094
2019-07-30,0.36289697885513306
2019-07-31,1.2836648225784302
2019-08-01,0.9734637141227722
2019-08-04,2.5901682376861572
2019-08-05,0.6684325933456421
2019-08-06,1.1851205825805664
2019-08-08,1.863688349723816
2019-08-09,2.0963754653930664
2019-08-10,0.18504872918128967
2019-08-11,1.1084585189819336
2019-08-12,3.0656003952026367
2019-08-13,0.9875873923301697
2019-08-14,0.26484382152557373
2019-08-15,0.4166790246963501
2019-08-17,0.12308468669652939
2019-08-18,6.568860054016113
2019-08-19,2.46608304977417
2019-08-20,1.0994696617126465
2019-08-21,1.3278807401657104
2019-08-22,0.833096444606781
2019-08-23,0.3595889210700989
2019-08-24,1.994494915008545
2019-08-26,0.835860550403595
2019-08-27,2.0102264881134033
2019-08-28,1.7317930459976196
2019-08-29,2.0987939834594727
2019-08-30,2.94331431388855
2019-08-31,0.16211114823818207
2019-09-01,2.7006051540374756
2019-09-03,4.648027420043945
2019-09-06,1.0009958744049072
2019-09-07,1.586846947669983
2019-09-08,0.5796623229980469
2019-09-09,0.5948035717010498
2019-09-10,1.1692368984222412
2019-09-11,2.8677148818969727
2019-09-12,0.7486887574195862
2019-09-13,0.5089145302772522
2019-09-14,0.769019603729248
2019-09-15,2.1466259956359863
2019-09-17,4.249495029449463
2019-09-18,4.020687580108643
2019-09-19,4.4540815353393555
2019-09-20,2.4904744625091553
2019-09-21,1.8194409608840942
2019-09-22,2.7885334491729736
2019-09-23,2.210813045501709
2019-09-24,2.1349213123321533
2019-09-25,2.525895118713379
2019-09-26,1.5459588766098022
2019-09-27,1.4269121885299683
2019-09-28,1.628260612487793
2019-09-29,2.0049688816070557
2019-10-01,2.370187997817993
2019-10-02,1.080512523651123
2019-10-03,2.0265374183654785
2019-10-04,0.7758528590202332
2019-10-05,0.321073979139328
2019-10-06,4.763805389404297
2019-10-07,1.6203874349594116
2019-10-10,1.479882836341858
2019-10-11,3.050323486328125
2019-10-12,1.9807441234588623
2019-10-13,1.5628435611724854
2019-10-14,2.752275228500366
2019-10-15,2.913567066192627
2019-10-17,1.9786180257797241
2019-10-18,1.4562859535217285
2019-10-19,3.5276434421539307
2019-10-20,3.8184430599212646
2019-10-21,3.2334251403808594
2019-10-22,1.029789924621582
2019-10-23,1.7078434228897095
2019-10-24,3.186018466949463
2019-10-25,1.6668587923049927
2019-10-26,1.3548651933670044
2019-10-27,1.7790132761001587
2019-10-28,1.9914538860321045
2019-10-29,0.7522841691970825
2019-10-30,0.30419179797172546
2019-10-31,1.9135620594024658
2019-11-01,4.0576348304748535
2019-11-02,4.78125
2019-11-03,1.4411273002624512
2019-11-04,3.6334848403930664
2019-11-06,1.9127622842788696
2019-11-07,2.532761335372925
2019-11-08,60.38399887084961
2019-11-09,3.526289939880371
2019-11-10,2.2992501258850098
2019-11-11,0.7461794018745422
2019-11-13,3.929633378982544
2019-11-14,0.2474091500043869
2019-11-20,2.4812815189361572
2019-11-21,1.5762598514556885
2019-11-22,0.4434007406234741
2019-11-23,1.810227870941162
2019-11-24,4.6013288497924805
2019-11-25,1.924329161643982
2019-11-26,1.8469289541244507
2019-11-27,0.4239853024482727
2019-11-28,1.7649859189987183
2019-11-29,4.860881328582764
2019-12-02,2.586749792098999
2019-12-03,2.963806390762329
2019-12-04,2.5196988582611084
2019-12-05,1.5706361532211304
2019-12-06,0.6296396851539612
2019-12-07,4.606151103973389
2019-12-08,2.7462868690490723
2019-12-10,2.0456175804138184
2019-12-14,2.9072959423065186
2019-12-15,1.913368582725525
2019-12-16,2.0802669525146484
2019-12-17,0.4726325571537018
2019-12-18,1.8792732954025269
2019-12-19,6.360652923583984
2019-12-20,2.4504287242889404
2019-12-24,3.811621904373169
2019-12-25,3.7522010803222656
2019-12-26,0.9684197902679443
2019-12-27,0.5561872124671936
2019-12-28,0.14145219326019287
2019-12-29,0.24240031838417053
2019-12-31,2.002061128616333
2020-01-01,1.520729422569275
2020-01-02,3.450047492980957
2020-01-03,1.966268539428711
2020-01-05,2.651785135269165
2020-01-06,1.3077914714813232
2020-01-07,2.3882408142089844
2020-01-08,1.0439821481704712
2020-01-09,1.8909817934036255
2020-01-10,0.18679973483085632
2020-01-11,1.0563125610351562
2020-01-14,1.0859408378601074
2020-01-15,1.689932942390442
2020-01-16,0.6861664652824402
2020-01-17,2.504512071609497
2020-01-21,4.768283367156982
2020-01-22,3.2221899032592773
2020-01-23,0.15894530713558197
2020-01-24,0.2089199721813202
2020-01-25,2.06215238571167
2020-01-26,2.209263324737549
2020-01-27,3.659928321838379
2020-01-28,2.1288046836853027
2020-01-29,1.6712985038757324
2020-01-30,7.856363773345947
2020-02-02,1.4468570947647095
2020-02-03,0.8461416363716125
2020-02-04,1.977657675743103
2020-02-07,3.307453155517578
2020-02-08,0.9124727845191956
2020-02-09,1.8083956241607666
2020-02-10,1.1781822443008423
2020-02-11,1.0072699785232544
2020-02-13,0.981650173664093
2020-02-14,6.59279203414917
2020-02-15,3.145692825317383
2020-02-17,3.0737295150756836
2020-02-22,2.3692312240600586
2020-02-23,1.1347652673721313
2020-02-25,1.5738521814346313
2020-02-26,0.2427380234003067
2020-02-27,2.118557929992676
2020-02-28,1.1381689310073853
2020-02-29,1.239848017692566
2020-03-01,2.4759249687194824
2020-03-02,3.1249406337738037
2020-03-04,0.13229258358478546
2020-03-06,1.598652958869934
2020-03-07,2.640305280685425
2020-03-08,1.644457459449768
2020-03-09,2.5493457317352295
2020-03-11,0.8697317838668823
2020-03-12,1.9706205129623413
2020-03-13,1.0170937776565552
2020-03-14,2.506488800048828
2020-03-16,2.2567222118377686
2020-03-18,2.0093655586242676
2020-03-19,3.9094626903533936
2020-03-20,2.49283766746521
2020-03-21,1.2512603998184204
2020-03-25,0.24350020289421082
2020-03-26,4.520428657531738
2020-03-27,1.7101919651031494
2020-03-28,2.2260067462921143
2020-03-29,0.29487860202789307
2020-03-30,3.702045440673828
2020-04-01,0.5625269412994385
2020-04-02,1.900649070739746
2020-04-03,0.8859947323799133
2020-04-04,1.6813154220581055
2020-04-05,3.884378433227539
2020-04-06,2.0539848804473877
2020-04-07,1.930047631263733
2020-04-08,1.9456278085708618
2020-04-09,1.5974905490875244
2020-04-10,1.7703779935836792
2020-04-11,2.290501356124878
2020-04-13,4.828304290771484
2020-04-14,1.7833614349365234
2020-04-16,1.4126843214035034
2020-04-17,1.7860921621322632
2020-04-18,0.9283021092414856
2020-04-19,0.7489997744560242
2020-04-20,0.12842382490634918
2020-04-21,2.757248640060425
2020-04-22,1.495748519897461
2020-04-25,0.2599947452545166
2020-04-26,1.436259150505066
2020-04-27,1.8083590269088745
2020-04-28,0.9547046422958374
2020-04-29,0.6150338649749756
2020-05-01,1.462415337562561
2020-05-02,1.455305814743042
2020-05-03,2.0956878662109375
2020-05-04,1.2817820310592651
2020-05-06,4.238344192504883
2020-05-07,4.115510940551758
2020-05-08,0.1938464641571045
2020-05-09,1.9751869440078735
2020-05-10,3.406266689300537
2020-05-11,0.7797712087631226
2020-05-12,3.070632219314575
2020-05-13,0.27110525965690613
2020-05-14,6.603333950042725
2020-05-15,1.0273209810256958
2020-05-16,1.4417623281478882
2020-05-17,4.071028709411621
2020-05-18,0.40228885412216187
2020-05-20,0.03594276309013367
2020-05-22,2.624764919281006
2020-05-23,2.9768435955047607
2020-05-24,1.8137768507003784
2020-05-25,0.8894714117050171
2020-05-26,2.1493704319000244
2020-05-27,0.4633580148220062
2020-05-28,0.13690148293972015
2020-05-29,3.8960366249084473
2020-05-30,3.40051531791687
2020-05-31,1.9071420431137085
2020-06-01,0.9882948398590088
2020-06-02,0.9713912010192871
2020-06-03,1.0900694131851196
2020-06-04,1.7011204957962036
2020-06-05,3.211038827896118
2020-06-06,0.26875782012939453
2020-06-07,5.6002373695373535
2020-06-08,17.190141677856445
2020-06-09,1.1440807580947876
2020-06-10,0.2132783681154251
2020-06-11,0.44229501485824585
2020-06-12,0.06838203966617584
2020-06-13,0.06749766319990158
2020-06-16,0.08525402843952179
2020-06-17,1.412784218788147
2020-06-18,1.2385839223861694
2020-06-19,0.8298742771148682
2020-06-20,1.0541237592697144
2020-06-21,0.5644535422325134
2020-06-22,0.19626595079898834
2020-06-23,0.4725467264652252
2020-06-24,1.9773155450820923
2020-06-25,0.21835699677467346
2020-06-26,1.6063042879104614
2020-06-27,1.8450676202774048
2020-06-29,1.4732345342636108
2020-06-30,0.12851294875144958
2020-07-02,2.018047332763672
2020-07-03,0.6040436625480652
2020-07-04,0.8379455208778381
2020-07-05,0.305635541677475
2020-07-06,0.8894660472869873
2020-07-07,0.33535316586494446
2020-07-09,0.2678961157798767
2020-07-10,1.3273135423660278
2020-07-11,2.49739670753479
2020-07-12,1.0056370496749878
2020-07-13,3.1843931674957275
2020-07-14,0.992946982383728
2020-07-15,2.1237220764160156
2020-07-16,2.886324644088745
2020-07-17,4.879185199737549
2020-07-18,1.7761282920837402
2020-07-19,1.450655221939087
2020-07-20,1.800208330154419
2020-07-21,1.4069269895553589
2020-07-22,2.1321401596069336
2020-07-23,1.5669786930084229
2020-07-25,1.8524593114852905
2020-07-26,1.5401204824447632
2020-07-27,1.4921737909317017
2020-07-28,2.566363573074341
2020-07-29,2.4131228923797607
2020-07-30,2.613286256790161
2020-07-31,1.0204204320907593
2020-08-01,0.9564037919044495
2020-08-02,4.514393329620361
2020-08-04,2.799103021621704
2020-08-05,0.5017476677894592
2020-08-06,5.710844993591309
2020-08-07,0.4646849036216736
2020-08-08,2.4930500984191895
2020-08-09,2.3329970836639404
2020-08-10,1.5487252473831177
2020-08-11,1.5724979639053345
2020-08-12,1.7607355117797852
2020-08-13,0.6692712306976318
2020-08-14,1.2574001550674438
2020-08-15,0.3034401535987854
2020-08-16,0.3964884579181671
2020-08-17,1.8808797597885132
2020-08-18,1.6062039136886597
2020-08-19,1.8750613927841187
2020-08-20,0.9120097756385803
2020-08-21,1.0457205772399902
2020-08-22,1.1225594282150269
2020-08-23,0.7687512636184692
2020-08-24,0.05420145392417908
2020-08-25,0.5877723097801208
2020-08-26,2.7726662158966064
2020-08-27,0.7268402576446533
2020-08-28,1.7202988862991333
2020-08-29,0.6136093139648438
2020-08-30,2.0192103385925293
2020-08-31,1.1757261753082275
2020-09-01,2.173739194869995
2020-09-03,2.5994131565093994
2020-09-04,1.7960797548294067
2020-09-05,1.2302055358886719
2020-09-06,1.384062647819519
2020-09-07,0.2006927728652954
2020-09-09,0.7397818565368652
2020-09-10,0.18304139375686646
2020-09-11,0.19103668630123138
2020-09-13,1.8047809600830078
2020-09-14,0.9247776865959167
2020-09-15,3.8481698036193848
2020-09-20,2.1289172172546387
2020-09-21,3.4992945194244385
2020-09-22,4.1611714363098145
2020-09-23,0.7319631576538086
2020-09-24,1.4051710367202759
2020-09-25,0.07376138865947723
2020-09-26,1.845859408378601
2020-09-27,3.0827388763427734
2020-09-28,4.344448089599609
2020-09-30,1.3446394205093384
2020-10-01,2.0958168506622314
2020-10-02,0.1352565586566925
2020-10-03,21.21418571472168
2020-10-05,7.1273064613342285
2020-10-06,2.374257802963257
2020-10-07,2.233736276626587
2020-10-08,2.5248796939849854
2020-10-09,0.0597078762948513
2020-10-10,0.13218219578266144
2020-10-11,0.3281060755252838
2020-10-12,0.8309798240661621
2020-10-13,5.240563869476318
2020-10-14,2.0212507247924805
2020-10-15,2.0539402961730957
2020-10-16,0.7412979006767273
2020-10-17,2.4463374614715576
2020-10-18,3.0348963737487793
2020-10-19,1.3146964311599731
2020-10-21,3.4347798824310303
2020-10-22,1.470793604850769
2020-10-23,1.0725915431976318
2020-10-24,2.816256046295166
2020-10-26,2.5679259300231934
2020-10-27,7.832578659057617
2020-10-28,1.7856554985046387
2020-10-30,2.631239652633667
2020-10-31,2.455735206604004
2020-11-01,1.9721145629882812
2020-11-02,1.4932180643081665
2020-11-03,3.438206672668457
2020-11-04,3.6089775562286377
2020-11-05,3.963259220123291
2020-11-06,0.3935302495956421
2020-11-07,1.9298434257507324
2020-11-08,5.030203819274902
2020-11-09,2.7785325050354004
2020-11-10,2.2758519649505615
2020-11-11,1.4367173910140991
2020-11-13,1.1883835792541504
2020-11-14,2.5459392070770264
2020-11-15,0.6194922924041748
2020-11-16,1.3863561153411865
2020-11-17,2.0013835430145264
2020-11-18,2.7934529781341553
2020-11-19,4.148736476898193
2020-11-20,3.269918203353882
2020-11-21,4.165582656860352
2020-11-22,0.7262065410614014
2020-11-23,3.8419432640075684
2020-11-24,4.559126377105713
2020-11-25,0.275166392326355
2020-11-26,8.893390655517578
2020-11-27,1.609158992767334
2020-11-29,4.753920078277588
2020-11-30,4.814262390136719
2020-12-01,5.404147148132324
2020-12-02,2.5071332454681396
2020-12-03,1.9423409700393677
2020-12-04,0.5089611411094666
2020-12-05,1.6957483291625977
2020-12-06,2.4182069301605225
2020-12-08,3.4813320636749268
2020-12-09,2.931887149810791
2020-12-10,3.4400861263275146
2020-12-11,0.8466401696205139
2020-12-12,2.7205896377563477
2020-12-13,2.5454249382019043
2020-12-15,7.845301628112793
2020-12-17,4.5579118728637695
2020-12-18,4.590936660766602
2020-12-19,4.644563674926758
2020-12-21,0.20872968435287476
2020-12-22,1.92584228515625
2020-12-23,0.9300874471664429
2020-12-24,0.21316185593605042
2020-12-25,4.260729789733887
2020-12-26,2.5553929805755615
2020-12-27,2.5103530883789062
2020-12-28,0.6594394445419312
2020-12-29,3.1631627082824707
2020-12-30,2.8751471042633057
2020-12-31,1.634387731552124
2021-01-02,4.961216926574707
2021-01-03,2.690072774887085
2021-01-04,3.2783048152923584
2021-01-05,2.5568060874938965
2021-01-07,6.535797119140625
2021-01-09,3.097003221511841
2021-01-10,2.7761855125427246
2021-01-11,1.2119847536087036
2021-01-12,4.917520046234131
2021-01-13,1.7690540552139282
2021-01-14,2.497865676879883
2021-01-15,2.7522943019866943
2021-01-16,3.269136428833008
2021-01-17,4.067500114440918
2021-01-18,2.579700469970703
2021-01-19,1.9892261028289795
2021-01-20,3.249932050704956
2021-01-22,2.598766565322876
2021-01-23,2.7091715335845947
2021-01-24,3.9018256664276123
2021-01-28,1.671486735343933
2021-01-29,2.382110595703125
2021-01-30,2.1973354816436768
2021-02-03,3.4751405715942383
2021-02-04,2.3459091186523438
2021-02-06,0.20462051033973694
2021-02-08,3.0561349391937256
2021-02-10,0.997779905796051
2021-02-11,0.11466564238071442
2021-02-15,0.10720618069171906
2021-02-16,5.437726974487305
2021-02-17,4.668738842010498
2021-02-20,2.5568325519561768
2021-02-21,3.438591718673706
2021-02-22,2.2363440990448
2021-02-23,1.4229780435562134
2021-02-24,2.159597873687744
2021-02-25,4.752503395080566
2021-02-26,0.32285189628601074
2021-02-27,1.3425483703613281
2021-02-28,0.7775276899337769
2021-03-01,0.17510482668876648
2021-03-03,6.964339733123779
2021-03-04,2.6538960933685303
2021-03-05,2.8981847763061523
2021-03-06,5.0158772468566895
2021-03-07,3.414992570877075
2021-03-08,2.528749704360962
2021-03-09,2.229536533355713
2021-03-10,2.808297872543335
2021-03-11,2.8899357318878174
2021-03-12,3.529003143310547
2021-03-13,3.3525495529174805
2021-03-14,2.890212297439575
2021-03-15,1.4408820867538452
2021-03-17,0.10211586207151413
2021-03-19,0.15046200156211853
2021-03-20,1.0219824314117432
2021-03-21,3.2587482929229736
2021-03-23,4.825010776519775
2021-03-24,1.8680803775787354
2021-03-25,0.7847044467926025
2021-03-27,1.2359097003936768
2021-03-29,2.2519192695617676
2021-03-30,2.9492249488830566
2021-03-31,1.019194483757019
2021-04-01,1.687514066696167
2021-04-02,2.599872589111328
2021-04-03,2.022035598754883
2021-04-04,2.8337504863739014
2021-04-05,1.5277296304702759
2021-04-06,2.4246952533721924
2021-04-07,2.4014053344726562
2021-04-08,0.7027300596237183
2021-04-09,2.2306630611419678
2021-04-10,1.410766363143921
2021-04-11,4.095945835113525
2021-04-12,0.5638525485992432
2021-04-13,2.5945963859558105
2021-04-14,2.066814661026001
2021-04-16,2.103827953338623
2021-04-17,0.5417746305465698
2021-04-18,1.5630308389663696
2021-04-19,0.18960635364055634
2021-04-20,0.5113243460655212
2021-04-21,2.0914418697357178
2021-04-22,0.5533278584480286
2021-04-23,2.0654420852661133
2021-04-25,0.9917793273925781
2021-04-26,2.2755229473114014
2021-04-27,2.161754608154297
2021-04-28,1.9444704055786133
2021-04-29,2.310685873031616
2021-04-30,1.1066399812698364
2021-05-01,7.372169017791748
2021-05-02,1.4184975624084473
2021-05-04,1.0252269506454468
2021-05-05,0.8402267098426819
2021-05-06,1.7940891981124878
2021-05-07,0.6135916113853455
2021-05-09,2.0536606311798096
2021-05-11,0.4241742193698883
2021-05-13,4.055438995361328
2021-05-14,3.2874832153320312
2021-05-15,2.721522808074951
2021-05-16,0.7849533557891846
2021-05-18,4.196491718292236
2021-05-19,1.7229750156402588
2021-05-20,1.1161478757858276
2021-05-21,1.363966941833496
2021-05-22,0.0775105357170105
2021-05-23,0.6424549221992493
2021-05-24,0.049245379865169525
2021-05-25,0.881079375743866
2021-05-27,1.3548591136932373
2021-05-28,0.8446455001831055
2021-05-29,0.5363355875015259
2021-05-31,2.109130382537842
2021-06-05,0.6982282400131226
2021-06-06,1.737295389175415
2021-06-07,0.45622068643569946
2021-06-08,0.23228822648525238
2021-06-11,1.0705164670944214
2021-06-12,0.2876042425632477
2021-06-13,0.9211140275001526
2021-06-14,3.0887792110443115
2021-06-15,0.5905110239982605
2021-06-16,0.6221795678138733
2021-06-17,0.45123180747032166
2021-06-18,0.5342561602592468
2021-06-19,0.47286689281463623
2021-06-20,1.0321342945098877
2021-06-21,2.2589681148529053
2021-06-22,0.3202138841152191
2021-06-23,10.34951400756836
2021-06-24,2.713759183883667
2021-06-26,1.1175856590270996
2021-06-27,1.2612816095352173
2021-06-28,1.2095147371292114
2021-06-29,1.1431387662887573
2021-06-30,1.180973768234253
2021-07-01,1.1598188877105713
2021-07-04,0.8449495434761047
2021-07-05,1.9590595960617065
2021-07-06,0.03991400822997093
2021-07-07,2.2418956756591797
2021-07-09,5.726024627685547
2021-07-10,1.5437957048416138
2021-07-12,1.441097378730774
2021-07-14,1.5047719478607178
2021-07-15,0.8201661109924316
2021-07-16,1.5581120252609253
2021-07-17,1.07877779006958
2021-07-18,0.5581067204475403
2021-07-19,1.265976071357727
2021-07-20,1.224136233329773
2021-07-21,1.5073736906051636
2021-07-23,1.960783839225769
2021-07-24,1.0866540670394897
2021-07-25,1.7454334497451782
2021-07-26,2.2413649559020996
2021-07-27,0.05278770253062248
2021-07-29,0.36332201957702637
2021-07-30,4.4929986000061035
2021-07-31,0.07473824173212051
2021-08-06,1.1962844133377075
2021-08-08,2.1843628883361816
2021-08-09,2.0370934009552
2021-08-10,2.923435926437378
2021-08-11,1.4420944452285767
2021-08-12,0.3499675989151001
2021-08-13,3.1083686351776123
2021-08-14,1.4240083694458008
2021-08-15,0.5973372459411621
2021-08-16,0.6045966148376465
2021-08-17,0.2550138831138611
2021-08-18,0.34803885221481323
2021-08-19,2.879072904586792
2021-08-20,1.8093606233596802
2021-08-21,1.4347505569458008
2021-08-22,3.0852558612823486
2021-08-23,2.9289591312408447
2021-08-24,3.270465135574341
2021-08-25,1.5056796073913574
2021-08-26,1.4569823741912842
2021-08-27,0.44381949305534363
2021-08-28,0.3323715925216675
2021-08-29,3.5055348873138428
2021-08-30,2.733186960220337
2021-08-31,2.982112169265747
2021-09-01,4.052642345428467
2021-09-02,0.8699508905410767
2021-09-03,2.3442811965942383
2021-09-04,2.8042657375335693
2021-09-05,0.8299388885498047
2021-09-06,2.2205381393432617
2021-09-07,1.3767062425613403
2021-09-08,0.3704565167427063
2021-09-09,0.03854868933558464
2021-09-10,2.6066863536834717
2021-09-11,2.810547351837158
2021-09-12,1.5150349140167236
2021-09-13,0.2546241581439972
2021-09-14,1.0719324350357056
2021-09-15,0.39771783351898193
2021-09-16,1.026011347770691
2021-09-17,0.4075849652290344
2021-09-18,2.817035436630249
2021-09-19,2.0898592472076416
2021-09-20,2.858948230743408
2021-09-22,0.5986595153808594
2021-09-23,2.952160120010376
2021-09-24,2.3892993927001953
2021-09-25,2.123976230621338
2021-09-26,1.4382939338684082
2021-09-27,1.89530611038208
2021-09-28,1.7541167736053467
2021-09-29,1.0750690698623657
2021-09-30,1.9741342067718506
2021-10-01,2.8855621814727783
2021-10-02,2.0657598972320557
2021-10-03,1.1647849082946777
2021-10-04,3.2113263607025146
2021-10-05,2.658290386199951
2021-10-06,1.5256530046463013
2021-10-07,2.4598076343536377
2021-10-08,0.9582117199897766
2021-10-10,0.09469326585531235
2021-10-12,0.0835631713271141
2021-10-13,1.4428162574768066
2021-10-14,0.6556448936462402
2021-10-15,2.1881918907165527
2021-10-16,3.0341827869415283
2021-10-17,3.1868317127227783
2021-10-18,1.9261599779129028
2021-10-19,1.8295284509658813
2021-10-20,2.0389537811279297
2021-10-21,1.7559458017349243
2021-10-22,0.7387569546699524
2021-10-23,1.3694517612457275
2021-10-24,2.632373571395874
2021-10-25,1.0779153108596802
2021-10-26,2.2348885536193848
2021-10-27,2.337538957595825
2021-10-28,4.888556480407715
2021-10-29,2.6987338066101074
2021-10-30,2.3811986446380615
2021-10-31,2.9528884887695312
2021-11-01,1.3396965265274048
2021-11-02,2.0086660385131836
2021-11-03,8.828208923339844
2021-11-08,2.0533766746520996
2021-11-09,2.088459014892578
2021-11-10,3.128577470779419
2021-11-11,2.8199844360351562
2021-11-12,6.354886531829834
2021-11-13,2.6417789459228516
2021-11-14,2.2470996379852295
2021-11-15,1.7113854885101318
2021-11-16,1.915203332901001
2021-11-17,2.0095269680023193
2021-11-18,3.2327167987823486
2021-11-19,3.3605732917785645
2021-11-20,3.146399736404419
2021-11-21,4.660053730010986
2021-11-23,3.652350664138794
2021-11-24,0.904000997543335
2021-11-25,1.67120361328125
2021-11-26,1.9500763416290283
2021-11-27,2.0626587867736816
2021-11-28,2.0792946815490723
2021-11-29,7.739363670349121
2021-11-30,1.8850573301315308
2021-12-01,2.2137486934661865
2021-12-02,1.6458321809768677
2021-12-03,1.909167766571045
2021-12-04,1.989803433418274
2021-12-05,0.7049130201339722
2021-12-06,1.5642704963684082
2021-12-11,0.6136976480484009
2021-12-12,1.6162619590759277
2021-12-13,1.675327181816101
2021-12-14,1.7244117259979248
2021-12-15,1.780380368232727
2021-12-16,2.5603246688842773
2021-12-17,1.2856765985488892
2021-12-18,1.5758525133132935
2021-12-20,0.5455455780029297
2021-12-22,1.245328426361084
2021-12-23,2.6601808071136475
2021-12-24,1.8107917308807373
2021-12-25,1.4624221324920654
2021-12-26,0.8183971643447876
2021-12-27,1.4306777715682983
2021-12-28,2.9300339221954346
2021-12-29,0.725613534450531
2021-12-30,0.25975513458251953
2021-12-31,0.2423875629901886
2022-01-01,0.5336118340492249
2022-01-03,0.49121469259262085
2022-01-04,6.038160800933838
2022-01-05,1.6182348728179932
2022-01-06,2.141533613204956
2022-01-07,0.8171929717063904
2022-01-08,3.511935234069824
2022-01-09,3.078793525695801
2022-01-10,3.3824422359466553
2022-01-11,0.9175132513046265
2022-01-12,2.0662457942962646
2022-01-13,0.746056318283081
2022-01-14,2.394261121749878
2022-01-15,9.824912071228027
2022-01-17,2.9499478340148926
2022-01-18,2.1871554851531982
2022-01-19,2.044710874557495
2022-01-20,0.16551658511161804
2022-01-23,1.54970121383667
2022-01-24,1.3678150177001953
2022-01-26,3.3649473190307617
2022-01-27,1.627951741218567
2022-01-29,1.6926453113555908
2022-01-30,1.1332951784133911
2022-01-31,2.042595624923706
2022-02-01,2.683006763458252
2022-02-02,1.8919806480407715
2022-02-03,1.2798783779144287
2022-02-04,1.3933906555175781
2022-02-05,2.1661040782928467
2022-02-06,4.357059478759766
2022-02-09,2.2236642837524414
2022-02-10,1.4062561988830566
2022-02-11,1.8381685018539429
2022-02-14,1.4528052806854248
2022-02-15,1.5216206312179565
2022-02-16,2.5781137943267822
2022-02-17,0.6727546453475952
2022-02-18,2.3657214641571045
2022-02-19,1.4618116617202759
2022-02-20,2.7065258026123047
2022-02-21,0.31994855403900146
2022-02-22,0.27666905522346497
2022-02-23,0.4547789692878723
2022-02-24,0.24974294006824493
2022-02-25,1.2557417154312134
2022-02-28,1.5319136381149292
2022-03-01,2.4702680110931396
2022-03-02,1.5629479885101318
2022-03-03,1.1700109243392944
2022-03-04,0.9793888330459595
2022-03-05,1.393991470336914
2022-03-06,0.8710104823112488
2022-03-07,1.1604288816452026
2022-03-08,7.799092769622803
2022-03-09,0.15812203288078308
2022-03-13,1.6769167184829712
2022-03-14,0.47076869010925293
2022-03-15,1.8686132431030273
2022-03-17,2.444493532180786
2022-03-18,0.5712180733680725
2022-03-19,1.7242982387542725
2022-03-20,1.775519847869873
2022-03-21,1.3676546812057495
2022-03-22,1.0969845056533813
2022-03-25,0.7825621962547302
2022-03-26,1.3369524478912354
2022-03-27,1.7991769313812256
2022-03-28,1.309396505355835
2022-03-29,1.811126947402954
2022-03-30,0.21973226964473724
2022-04-17,1.0647244453430176
2022-04-19,1.0662635564804077
2022-04-20,1.7109211683273315
2022-04-21,1.8971163034439087
2022-04-22,1.3137884140014648
2022-04-23,1.887133002281189
2022-04-24,0.832450270652771
2022-04-25,2.1864237785339355
2022-04-26,1.5174545049667358
2022-04-27,1.4783897399902344
2022-04-28,2.093320369720459
2022-04-29,0.9259964227676392
2022-04-30,0.6189281940460205
2022-05-02,0.7709436416625977
2022-05-03,0.8323682546615601
2022-05-05,0.9504920244216919
2022-05-06,0.6437197923660278
2022-05-07,0.8712849020957947
2022-05-08,0.034165848046541214
2022-05-10,1.399418592453003
2022-05-12,1.2112483978271484
2022-05-13,3.8594770431518555
2022-05-14,1.0137794017791748
2022-05-15,0.40175291895866394
2022-05-17,1.0701243877410889
2022-05-19,1.6981281042099
2022-05-20,0.8141441345214844
2022-05-21,1.0984649658203125
2022-05-22,0.09579052031040192
2022-05-23,0.0539182648062706
2022-05-25,0.15823452174663544
2022-05-26,0.7428680062294006
2022-05-28,2.734966278076172
2022-05-29,1.1817176342010498
2022-05-30,1.9438958168029785
2022-05-31,1.1379687786102295
2022-06-01,1.9143437147140503
2022-06-02,0.3489822745323181
2022-06-04,2.080559015274048
2022-06-05,0.991254448890686
2022-06-06,3.4426352977752686
2022-06-07,0.10360497981309891
2022-06-08,0.4900866448879242
2022-06-09,0.6831028461456299
2022-06-11,1.1237852573394775
2022-06-13,0.8093370795249939
2022-06-15,2.2874319553375244
2022-06-16,0.03692721202969551
2022-06-17,1.3885966539382935
2022-06-18,0.5476157069206238
2022-06-19,1.829944133758545
2022-06-20,0.7486027479171753
2022-06-21,0.1567922681570053
2022-06-22,0.10040538012981415
2022-06-23,0.1454067975282669
2022-06-24,2.394874334335327
2022-06-25,0.8693873286247253
2022-06-27,0.7615196704864502
2022-06-28,23.28780174255371
2022-06-29,0.07019811868667603
2022-06-30,1.5868440866470337
2022-07-01,2.32409930229187
2022-07-02,0.6866085529327393
2022-07-03,1.1754698753356934
2022-07-04,4.429656505584717
2022-07-05,0.6341840624809265
2022-07-06,1.1711323261260986
2022-07-07,0.32444605231285095
2022-07-08,0.9634893536567688
2022-07-11,0.5785471796989441
2022-07-12,1.051578402519226
2022-07-13,0.28665998578071594
2022-07-15,0.23525020480155945
2022-07-16,0.07648999989032745
2022-07-17,2.3530735969543457
2022-07-18,1.1193991899490356
2022-07-20,1.531931757926941
2022-07-21,1.4788986444473267
2022-07-22,3.1018409729003906
2022-07-23,2.3455820083618164
2022-07-24,1.671447992324829
2022-07-25,0.7508921027183533
2022-07-27,1.1236519813537598
2022-07-28,1.2390720844268799
2022-07-29,1.6508313417434692
2022-07-30,0.7616841197013855
2022-07-31,3.3804733753204346
2022-08-01,1.258113145828247
2022-08-02,2.044200897216797
2022-08-03,0.7511516213417053
2022-08-04,1.4777851104736328
2022-08-05,1.419488787651062
2022-08-06,2.6620121002197266
2022-08-07,1.350666880607605
2022-08-08,1.1704939603805542
2022-08-09,2.4425811767578125
2022-08-10,0.9670704007148743
2022-08-13,2.657693862915039
2022-08-14,2.027801036834717
2022-08-15,0.13805221021175385
2022-08-16,1.8734586238861084
2022-08-17,0.34627512097358704
2022-08-18,3.559459686279297
2022-08-19,0.5369287729263306
2022-08-20,1.5780071020126343
2022-08-21,2.152421236038208
2022-08-23,0.6904195547103882
2022-08-24,0.24014133214950562
2022-08-25,1.6581677198410034
2022-08-26,0.24353903532028198
2022-08-27,4.734620571136475
2022-08-30,2.3764660358428955
2022-08-31,1.2665759325027466
2022-09-01,0.8588997721672058
2022-09-02,0.17709024250507355
2022-09-03,2.0149600505828857
2022-09-04,1.8388198614120483
2022-09-05,0.21087448298931122
2022-09-06,0.7920039892196655
2022-09-07,0.6550625562667847
2022-09-08,0.7221925854682922
2022-09-09,0.3007271885871887
2022-09-10,3.086784601211548
2022-09-11,0.6435442566871643
2022-09-12,1.0841983556747437
2022-09-13,1.6940152645111084
2022-09-14,0.04765254631638527
2022-09-15,1.4545092582702637
2022-09-16,3.945610523223877
2022-09-17,4.655412673950195
2022-09-18,2.000697135925293
2022-09-19,2.3085837364196777
2022-09-20,1.9853264093399048
2022-09-21,1.3438754081726074
2022-09-22,1.9174106121063232
2022-09-23,3.4409916400909424
2022-09-24,1.3520084619522095
2022-09-25,1.7734975814819336
2022-09-26,2.0187270641326904
2022-09-28,7.152218341827393
2022-10-01,4.056941032409668
2022-10-02,0.36433103680610657
2022-10-03,0.46553587913513184
2022-10-04,2.714219331741333
2022-10-05,0.9104629755020142
2022-10-06,2.672675371170044
2022-10-07,1.6085704565048218
2022-10-08,4.692636013031006
2022-10-09,1.891735553741455
2022-10-10,3.7934467792510986
2022-10-11,0.6102038025856018
2022-10-12,2.5174777507781982
2022-10-13,1.1066091060638428
2022-10-14,0.547950029373169
2022-10-15,2.1872146129608154
2022-10-16,0.44694551825523376
2022-10-17,3.8021204471588135
2022-10-18,1.3195981979370117
2022-10-19,1.8991144895553589
2022-10-20,2.189610242843628
2022-10-21,1.6097952127456665
2022-10-22,1.8432056903839111
2022-10-23,0.13146278262138367
2022-10-24,3.464162826538086
2022-10-25,1.2427855730056763
2022-10-26,2.0216197967529297
2022-10-27,4.021360397338867
2022-10-28,0.3605661690235138
2022-10-29,1.2023276090621948
2022-10-30,0.6659992933273315
2022-10-31,2.3835995197296143
2022-11-01,0.9805824756622314
2022-11-02,0.9270678162574768
2022-11-03,1.5785293579101562
2022-11-04,1.3587247133255005
2022-11-05,1.2555451393127441
2022-11-06,0.29155233502388
2022-11-07,1.7339859008789062
2022-11-11,1.2057085037231445
2022-11-12,0.85866779088974
2022-11-13,7.953187942504883
2022-11-14,1.194014072418213
2022-11-15,0.08671309053897858
2022-11-16,8.180264472961426
2022-11-18,2.2074670791625977
2022-11-19,2.386002779006958
2022-11-21,4.567214488983154
2022-11-22,0.8348958492279053
2022-11-23,5.508858680725098
2022-11-24,3.89319109916687
2022-11-26,1.5761992931365967
2022-11-27,0.7184091806411743
2022-11-28,2.060304880142212
2022-11-29,2.253591537475586
2022-12-01,2.474583625793457
2022-12-02,3.411799907684326
2022-12-05,0.21017110347747803
2022-12-06,0.17657747864723206
2022-12-07,0.5045308470726013
2022-12-09,2.364616632461548
2022-12-10,1.134831428527832
2022-12-11,0.37632638216018677
2022-12-12,2.0409648418426514
2022-12-13,3.5389814376831055
2022-12-16,2.2964491844177246
2022-12-17,0.8033735752105713
2022-12-18,2.275954008102417
2022-12-19,2.9127683639526367
2022-12-20,7.820426940917969
2022-12-21,2.0714309215545654
2022-12-23,2.885448694229126
2022-12-24,3.270538568496704
2022-12-25,1.9853917360305786
2022-12-26,1.3321797847747803
2022-12-27,1.7139774560928345
2022-12-28,1.5098356008529663
2022-12-29,1.5444481372833252
2022-12-30,0.789618730545044
2023-01-01,2.6387553215026855
2023-01-02,2.8334145545959473
2023-01-03,1.163297414779663
2023-01-04,0.3058925271034241
2023-01-05,0.5502257347106934
2023-01-06,1.8239144086837769
2023-01-07,0.1769869178533554
2023-01-08,0.5736815333366394
2023-01-09,0.7448945641517639
2023-01-10,0.727471113204956
2023-01-12,0.17240101099014282
2023-01-13,1.8941094875335693
2023-01-15,3.247197389602661
2023-01-16,0.9740239381790161
2023-01-17,0.3858945369720459
2023-01-18,1.397408366203308
2023-01-20,2.439365863800049
2023-01-21,4.2484965324401855
2023-01-23,2.2390081882476807
2023-01-24,1.674858570098877
2023-01-26,2.0279312133789062
2023-01-27,1.868829369544983
2023-01-28,1.3732191324234009
2023-01-29,3.2973341941833496
2023-01-31,0.170242041349411
2023-02-03,0.9511537551879883
2023-02-04,3.2001683712005615
2023-02-06,2.8753530979156494
2023-02-07,1.6717926263809204
2023-02-08,7.659139633178711
2023-02-09,1.343554973602295
2023-02-10,2.321124792098999
2023-02-12,0.9109469652175903
2023-02-13,1.5740017890930176
2023-02-14,1.7901796102523804
2023-02-15,1.3058630228042603
2023-02-16,0.41578277945518494
2023-02-17,0.161926731467247
2023-02-18,2.6098616123199463
2023-02-19,3.0101981163024902
2023-02-21,3.836543321609497
2023-02-22,0.9865791201591492
2023-02-23,2.1264257431030273
2023-02-24,2.385746479034424
2023-02-26,0.5504245162010193
2023-02-27,0.7004052996635437
2023-02-28,2.0248451232910156
2023-03-02,0.3001370429992676
2023-03-04,1.8617944717407227
2023-03-05,1.816748857498169
2023-03-06,1.5146039724349976
2023-03-07,2.38510799407959
2023-03-08,1.245724081993103
2023-03-09,2.6546857357025146
2023-03-11,1.2058186531066895
2023-03-14,2.026228189468384
2023-03-15,1.403240442276001
2023-03-16,1.780155897140503
2023-03-17,0.2663857936859131
2023-03-19,2.904308557510376
2023-03-20,1.2624174356460571
2023-03-21,2.4076437950134277
2023-03-23,2.3630120754241943
2023-03-24,1.7321404218673706
2023-03-25,1.1641855239868164
2023-03-26,1.9959499835968018
2023-03-28,0.42209190130233765
2023-03-29,1.4505696296691895
2023-03-30,3.1023924350738525
2023-03-31,1.0608333349227905
2023-04-02,1.8948109149932861
2023-04-03,0.14431864023208618
2023-04-04,1.4273138046264648
2023-04-05,1.7809139490127563
2023-04-06,0.8159152865409851
2023-04-07,0.826645016670227
2023-04-09,4.324985980987549
2023-04-10,2.6918883323669434
2023-04-11,1.9928780794143677
2023-04-12,1.0765409469604492
2023-04-13,1.0691531896591187
2023-04-14,2.174935817718506
2023-04-15,1.2153185606002808
2023-04-16,0.5298135280609131
2023-04-17,0.9676650166511536
2023-04-18,1.8006584644317627
2023-04-19,1.2491464614868164
2023-04-20,0.18958628177642822
2023-04-21,1.844829797744751
2023-04-23,1.753764271736145
2023-04-24,0.04656822234392166
2023-04-25,13.259961128234863
2023-04-26,0.7742154002189636
2023-04-28,0.7491872906684875
2023-04-30,1.81157648563385
2023-05-01,1.9466276168823242
2023-05-02,1.7542991638183594
2023-05-03,1.2853113412857056
2023-05-05,1.0850529670715332
2023-05-06,0.5469139814376831
2023-05-07,1.2246034145355225
2023-05-09,0.8718577027320862
2023-05-10,2.7225208282470703
2023-05-11,0.722079336643219
2023-05-12,0.9042630195617676
2023-05-13,2.142028570175171
2023-05-14,1.63233482837677
2023-05-15,0.2340429574251175
2023-05-16,0.7352144122123718
2023-05-17,0.6406348347663879
2023-05-20,1.1657326221466064
2023-05-21,0.37927860021591187
2023-05-23,0.07397034764289856
2023-05-24,2.561917781829834
2023-05-28,1.1893128156661987
2023-05-29,0.09378708899021149
2023-05-30,1.9522485733032227
2023-05-31,1.1251596212387085
2023-06-02,0.29021453857421875
2023-06-04,2.2588741779327393
2023-06-05,1.4073035717010498
2023-06-10,0.6399505138397217
2023-06-11,0.7686751484870911
2023-06-13,2.965813159942627
2023-06-14,1.0718343257904053
2023-06-16,3.1490190029144287
2023-06-17,1.1565296649932861
2023-06-18,0.46534743905067444
2023-06-20,0.050827909260988235
2023-06-21,0.9310487508773804
2023-06-24,1.3878201246261597
2023-06-25,1.4500329494476318
2023-06-26,0.08327064663171768
2023-06-27,2.2412707805633545
2023-06-28,0.327478289604187
2023-06-30,0.14205315709114075
2023-07-01,0.09644722938537598
2023-07-02,1.0895404815673828
2023-07-03,0.1408000886440277
2023-07-04,0.4643154740333557
2023-07-06,1.07876718044281
2023-07-07,1.2559019327163696
2023-07-08,0.08097176253795624
2023-07-09,1.2588533163070679
2023-07-10,0.17978152632713318
2023-07-11,0.6201601624488831
2023-07-12,1.648598551750183
2023-07-13,1.434587836265564
2023-07-14,0.35833650827407837
2023-07-15,0.5114538669586182
2023-07-16,1.7025690078735352
2023-07-17,0.24962666630744934
2023-07-20,2.2443721294403076
2023-07-21,0.9330363273620605
2023-07-22,0.5771315097808838
2023-07-23,2.131631851196289
2023-07-24,0.8678446412086487
2023-07-25,1.5654724836349487
2023-07-26,1.2476133108139038
2023-07-27,0.6187340021133423
2023-07-28,1.6380912065505981
2023-07-29,0.5547240972518921
2023-07-30,4.5369873046875
2023-07-31,1.0152302980422974
2023-08-01,0.4676932394504547
2023-08-02,0.7264146208763123
2023-08-04,0.0398501381278038
2023-08-05,1.185677170753479
2023-08-06,2.495668888092041
2023-08-07,0.8595976829528809
2023-08-09,1.382651686668396
2023-08-11,1.0095300674438477
2023-08-12,1.0225573778152466
2023-08-13,1.2242586612701416
2023-08-14,0.36378440260887146
2023-08-16,0.8599621653556824
2023-08-17,1.7193727493286133
2023-08-18,1.3386282920837402
2023-08-19,0.8381972908973694
2023-08-20,1.3256897926330566
2023-08-21,0.17690935730934143
2023-08-23,1.4951308965682983
2023-08-24,1.26775062084198
2023-08-25,1.4678514003753662
2023-08-26,0.05784023925662041
2023-08-27,0.21079126000404358
2023-08-28,0.5068089365959167
2023-08-29,1.26333487033844
2023-08-30,0.09994737058877945
2023-08-31,3.04984450340271
2023-09-01,3.3762614727020264
2023-09-02,3.58194899559021
2023-09-03,2.375678062438965
2023-09-04,1.942275047302246
2023-09-05,3.9501543045043945
2023-09-06,1.4869402647018433
2023-09-07,0.558300793170929
2023-09-08,1.6552335023880005
2023-09-09,0.17335285246372223
2023-09-10,2.001906633377075
2023-09-11,1.8171980381011963
2023-09-12,1.6973546743392944
2023-09-13,0.7107414603233337
2023-09-14,3.6712257862091064
2023-09-15,4.295411109924316
2023-09-16,1.4255297183990479
2023-09-17,2.379852771759033
2023-09-18,2.1631152629852295
2023-09-19,2.9310545921325684
2023-09-20,4.879979610443115
2023-09-22,0.051377225667238235
2023-09-24,2.4482696056365967
2023-09-25,1.1024081707000732
2023-09-26,3.11075496673584
2023-09-29,2.1508870124816895
2023-09-30,2.205213785171509
2023-10-01,4.247613430023193
2023-10-02,7.4855804443359375
2023-10-03,2.4952433109283447
2023-10-04,2.6075375080108643
2023-10-05,3.1905081272125244
2023-10-06,0.875992476940155
2023-10-07,6.84375
2023-10-08,2.136695146560669
2023-10-09,2.253051996231079
2023-10-10,1.4496222734451294
2023-10-13,2.229743719100952
2023-10-14,0.9638535976409912
2023-10-15,0.15135717391967773
2023-10-16,2.543398857116699
2023-10-17,1.430557131767273
2023-10-18,2.2700345516204834
2023-10-19,1.414408564567566
2023-10-20,2.4690775871276855
2023-10-21,1.7849382162094116
2023-10-22,1.9102537631988525
2023-10-23,1.889092206954956
2023-10-24,2.3827385902404785
2023-10-25,2.7004520893096924
2023-10-26,2.7524735927581787
2023-10-27,2.8009934425354004
2023-10-28,2.4590392112731934
2023-10-29,1.7238221168518066
2023-10-30,2.283562421798706
2023-10-31,0.05338074266910553
2023-11-01,5.64224910736084
2023-11-02,2.0504801273345947
2023-11-03,3.337867021560669
2023-11-04,1.5654456615447998
2023-11-05,1.6903250217437744
2023-11-06,3.1527998447418213
2023-11-07,2.3538694381713867
2023-11-08,2.279064178466797
2023-11-09,1.8651256561279297
2023-11-13,2.39563250541687
2023-11-14,4.120934963226318
2023-11-16,8.266824722290039
2023-11-17,2.1604018211364746
2023-11-18,2.949781656265259
2023-11-19,2.78464674949646
2023-11-20,3.0760936737060547
2023-11-23,2.8468146324157715
2023-11-24,3.4785377979278564
2023-11-25,5.546258449554443
2023-11-27,4.290413856506348
2023-11-28,2.1229660511016846
2023-11-29,1.9812458753585815
2023-11-30,2.849398136138916
2023-12-01,0.20943103730678558
2023-12-04,6.606978893280029
2023-12-05,32.8278694152832
2023-12-07,2.4811460971832275
2023-12-08,0.34227654337882996
2023-12-09,3.1638410091400146
2023-12-11,2.9747798442840576
2023-12-12,2.4063613414764404
2023-12-13,1.9067257642745972
2023-12-14,2.9507482051849365
2023-12-15,2.3222367763519287
2023-12-16,1.6625837087631226
2023-12-18,2.5576977729797363
2023-12-19,3.3875339031219482
2023-12-20,3.4944822788238525
2023-12-21,2.507232666015625
2023-12-23,2.572267770767212
2023-12-24,2.923665761947632
2023-12-25,2.6086745262145996
2023-12-26,6.596099853515625
2023-12-29,1.826521635055542
2023-12-30,2.428480625152588
2023-12-31,1.904904842376709
2024-01-01,2.1735117435455322
2024-01-02,3.0008630752563477
2024-01-03,2.340517282485962
2024-01-04,2.1323986053466797
2024-01-05,5.3754425048828125
2024-01-07,2.7473697662353516
2024-01-10,2.1638548374176025
2024-01-11,4.631194114685059
2024-01-13,2.855973720550537
2024-01-15,0.27066272497177124
2024-01-17,2.3895039558410645
2024-01-18,3.1825265884399414
2024-01-19,2.100468873977661
2024-01-20,2.982053756713867
2024-01-21,2.615851879119873
2024-01-22,2.36726450920105
2024-01-25,1.5384597778320312
2024-01-26,3.4558308124542236
2024-01-27,0.2700885534286499
2024-01-28,2.273024797439575
2024-01-29,4.22292423248291
2024-01-30,2.6757290363311768
2024-01-31,6.699902057647705
2024-02-01,2.637840747833252
2024-02-02,5.986636161804199
2024-02-03,2.360363721847534
2024-02-04,3.463780641555786
2024-02-05,1.494729995727539
2024-02-06,3.0025055408477783
2024-02-07,2.4751415252685547
2024-02-08,3.3114147186279297
2024-02-09,2.6019535064697266
2024-02-10,1.0646854639053345
2024-02-11,0.2378372848033905
2024-02-13,1.7580841779708862
2024-02-14,1.77420175075531
2024-02-15,1.3982278108596802
2024-02-19,3.199195146560669
2024-02-20,2.4262828826904297
2024-02-21,2.343122720718384
2024-02-22,0.994702160358429
2024-02-23,0.7090508937835693
2024-02-24,1.1848036050796509
2024-02-25,2.9016802310943604
2024-02-26,3.2291104793548584
2024-02-28,3.66544508934021
2024-02-29,1.5234973430633545
2024-03-01,2.1396689414978027
2024-03-04,1.2337462902069092
2024-03-05,0.6984053254127502
2024-03-06,1.8237632513046265
2024-03-07,0.6906561255455017
2024-03-08,2.609928846359253
2024-03-10,1.6013858318328857
2024-03-11,1.4433611631393433
2024-03-12,1.5843837261199951
2024-03-13,2.3420896530151367
2024-03-14,2.060997486114502
2024-03-15,0.614970862865448
2024-03-16,2.8712317943573
2024-03-17,0.28324416279792786
2024-03-18,1.4889252185821533
2024-03-19,1.9956531524658203
2024-03-20,2.951962471008301
2024-03-21,2.412048816680908
2024-03-23,2.0284006595611572
2024-03-24,1.5670912265777588
2024-03-25,4.098206996917725
2024-03-26,1.1500332355499268
2024-03-29,1.0317025184631348
2024-03-30,1.8046356439590454
2024-03-31,1.515263319015503
2024-04-02,2.452488899230957
2024-04-04,0.9273533821105957
2024-04-05,1.724344253540039
2024-04-06,2.5168561935424805
2024-04-07,2.380840539932251
2024-04-08,3.0056824684143066
2024-04-09,0.28669264912605286
2024-04-10,1.724478006362915
2024-04-12,2.3583109378814697
2024-04-13,1.3126963376998901
2024-04-14,1.8002609014511108
2024-04-15,2.332737445831299
2024-04-16,1.3179947137832642
2024-04-18,2.1554951667785645
2024-04-19,0.4181307554244995
2024-04-23,2.0926663875579834
2024-04-24,3.3552358150482178
2024-04-25,0.8121304512023926
2024-04-26,3.0974154472351074
2024-04-28,2.007438898086548
2024-04-29,2.611721992492676
2024-04-30,1.1687017679214478
2024-05-01,0.5707311630249023
2024-05-02,1.2575573921203613
2024-05-03,1.178909182548523
2024-05-04,0.2719307541847229
2024-05-05,1.0822429656982422
2024-05-06,0.3397402763366699
2024-05-07,0.8805863857269287
2024-05-08,1.4524377584457397
2024-05-11,1.4012937545776367
2024-05-12,1.2274158000946045
2024-05-15,1.467452049255371
2024-05-16,1.1091867685317993
2024-05-17,0.07310502976179123
2024-05-20,2.4249539375305176
2024-05-21,1.3959028720855713
2024-05-22,2.172166109085083
2024-05-23,0.6028916835784912
2024-05-25,2.005688428878784
2024-05-26,1.1258714199066162
2024-05-27,0.1708870530128479
2024-05-28,3.061553478240967
2024-05-29,1.8472899198532104
2024-05-30,1.397551417350769
2024-06-01,1.8854399919509888
2024-06-02,0.504260778427124
2024-06-03,1.4411994218826294
2024-06-04,1.3304338455200195
2024-06-05,0.614118218421936
2024-06-06,1.1358535289764404
2024-06-07,1.1512641906738281
2024-06-08,1.2479376792907715
2024-06-09,0.8440688252449036
2024-06-10,4.046469688415527
2024-06-11,0.8750678300857544
2024-06-13,1.3631876707077026
2024-06-14,1.9284381866455078
2024-06-15,1.4776363372802734
2024-06-16,0.9730100035667419
2024-06-18,1.991388201713562
2024-06-19,2.9700851440429688
2024-06-20,2.779296398162842
2024-06-21,2.9921982288360596
2024-06-22,2.573518991470337
2024-06-23,0.7572780847549438
2024-06-25,1.6622419357299805
2024-06-26,0.8326226472854614
2024-06-27,0.05546130985021591
2024-06-28,0.6176047921180725
2024-06-30,0.8465052247047424
2024-07-02,2.056424379348755
2024-07-03,1.0194824934005737
2024-07-04,0.09159685671329498
2024-07-05,1.2391377687454224
2024-07-07,0.9701100587844849
2024-07-08,0.08929206430912018
2024-07-09,2.005605697631836
2024-07-10,0.4376313090324402
2024-07-12,0.365714430809021
2024-07-14,3.1845808029174805
2024-07-15,0.23293915390968323
2024-07-18,1.91221022605896
2024-07-19,0.44271567463874817
2024-07-20,1.9051809310913086
2024-07-21,5.469635009765625
2024-07-22,0.9598464965820312
2024-07-23,2.6032705307006836
2024-07-24,1.7620093822479248
2024-07-27,0.4725876450538635
2024-07-29,0.10510969161987305
2024-07-30,0.5363118052482605
2024-07-31,1.7276585102081299
2024-08-01,3.230923652648926
2024-08-03,1.3414613008499146
2024-08-08,2.5844569206237793
2024-08-10,1.7710243463516235
2024-08-11,0.09452993422746658
2024-08-12,0.24615274369716644
2024-08-15,1.52739679813385
2024-08-17,1.6340595483779907
2024-08-18,2.541889190673828
2024-08-19,2.104459524154663
2024-08-20,1.66231369972229
2024-08-21,4.027910232543945
2024-08-22,6.855414390563965
2024-08-24,5.3978095054626465
2024-08-25,4.0802483558654785
2024-08-26,2.675546407699585
2024-08-27,2.3781542778015137
2024-08-28,0.16146346926689148
2024-08-29,2.2502856254577637
2024-08-30,4.509740829467773
2024-08-31,1.6988368034362793
2024-09-01,3.187610387802124
2024-09-03,1.5882118940353394
2024-09-04,6.331754684448242
2024-09-05,0.32132357358932495
2024-09-06,5.439754486083984
2024-09-09,5.787441730499268
2024-09-10,3.027117967605591
2024-09-11,4.095230579376221
2024-09-13,1.7247021198272705
2024-09-15,2.1215522289276123
2024-09-17,3.957350492477417
2024-09-18,2.5340919494628906
2024-09-19,0.7560974359512329
2024-09-20,3.2317965030670166
2024-09-21,2.7299559116363525
2024-09-22,0.7100027203559875
2024-09-23,1.9906717538833618
2024-09-24,0.09390489757061005
2024-09-28,1.8416193723678589
2024-09-29,2.0150580406188965
2024-09-30,1.265492558479309
2024-10-01,0.36571332812309265
2024-10-02,1.4608039855957031
2024-10-03,4.624611854553223
2024-10-04,1.9928399324417114
2024-10-05,5.692675590515137
2024-10-06,3.262045383453369
2024-10-07,2.0478625297546387
2024-10-08,7.3284101486206055
2024-10-09,8.04946517944336
2024-10-10,4.36196756362915
2024-10-11,3.371211290359497
2024-10-12,2.760258913040161
2024-10-13,4.7781500816345215
2024-10-14,2.277305841445923
2024-10-15,2.6311466693878174
2024-10-17,2.9942855834960938
2024-10-18,2.364137887954712
2024-10-19,5.0871195793151855
2024-10-20,6.053804397583008
2024-10-21,4.121464252471924
2024-10-22,3.6180226802825928
2024-10-23,2.189493417739868
2024-10-24,2.62673020362854
2024-10-25,2.142770767211914
2024-10-26,2.2200493812561035
2024-10-28,2.5666162967681885
2024-10-29,0.9975355267524719
2024-10-30,7.770130157470703
2024-10-31,1.9132177829742432
2024-11-01,2.1836190223693848
2024-11-02,7.034494876861572
2024-11-03,0.5534622073173523
2024-11-04,3.9323790073394775
2024-11-05,2.878223180770874
2024-11-06,9.78321361541748
2024-11-08,0.7043648362159729
2024-11-09,4.734314441680908
2024-11-10,0.5224645137786865
2024-11-11,4.3908562660217285
2024-11-12,7.353314399719238
2024-11-13,1.4015429019927979
2024-11-16,3.0047760009765625
2024-11-17,1.1837573051452637
2024-11-18,3.6606709957122803
2024-11-21,1.5232596397399902
2024-11-22,2.520620584487915
2024-11-23,1.1702964305877686
2024-11-24,2.4716475009918213
2024-11-25,1.9593862295150757
2024-11-26,0.18471013009548187
2024-11-27,2.741168737411499
2024-11-30,2.443361520767212
2024-12-01,0.2985195815563202
