time,precip
2014-01-01,1.7408186
2014-01-02,22.874502
2014-01-03,0.80673206
2014-01-04,0.0
2014-01-05,11.715663
2014-01-06,9.834883
2014-01-07,0.0061759674
2014-01-08,0.7430059
2014-01-09,0.0
2014-01-10,1.5287955
2014-01-11,8.014994
2014-01-12,9.188509
2014-01-13,0.0
2014-01-14,9.861088
2014-01-15,0.39239937
2014-01-16,12.923199
2014-01-17,0.0
2014-01-18,0.27293995
2014-01-19,0.0
2014-01-20,0.0
2014-01-21,0.0
2014-01-22,1.7295996
2014-01-23,0.0
2014-01-24,0.45511627
2014-01-25,1.7302629
2014-01-26,0.8893088
2014-01-27,0.67256284
2014-01-28,1.0804982
2014-01-29,19.455593
2014-01-30,16.395435
2014-01-31,1.1228087
2014-02-01,0.092513785
2014-02-02,0.416631
2014-02-03,0.07170975
2014-02-04,0.13959426
2014-02-05,4.672313
2014-02-06,0.24157308
2014-02-07,4.76432
2014-02-08,6.712364
2014-02-09,0.34335238
2014-02-10,1.7003945
2014-02-11,3.0521464
2014-02-12,20.838774
2014-02-13,26.206224
2014-02-14,0.0
2014-02-15,5.3304186
2014-02-16,0.32143882
2014-02-17,0.0
2014-02-18,0.0045623234
2014-02-19,5.198676
2014-02-20,0.7118128
2014-02-21,13.582259
2014-02-22,3.9865408
2014-02-23,1.3876879
2014-02-24,2.1876073
2014-02-25,0.15345694
2014-02-26,11.750845
2014-02-27,2.4174793
2014-02-28,0.0031228221
2014-03-01,0.06729943
2014-03-02,0.00026493863
2014-03-03,6.5541587
2014-03-04,1.3950226
2014-03-05,16.31982
2014-03-06,12.959029
2014-03-07,17.389374
2014-03-08,1.9066261
2014-03-09,0.013181974
2014-03-10,0.0051726806
2014-03-11,0.0012092993
2014-03-12,0.2943492
2014-03-13,0.0
2014-03-14,0.0
2014-03-15,1.2301447
2014-03-16,9.39471
2014-03-17,21.961039
2014-03-18,17.702732
2014-03-19,0.0
2014-03-20,0.060643844
2014-03-21,0.0
2014-03-22,1.2148818
2014-03-23,4.1767797
2014-03-24,0.0066676503
2014-03-25,2.4388206
2014-03-26,0.63234144
2014-03-27,0.00018866544
2014-03-28,0.042771917
2014-03-29,10.950128
2014-03-30,1.8196799
2014-03-31,0.0
2014-04-01,0.13752042
2014-04-02,0.0
2014-04-03,0.0
2014-04-04,0.9346668
2014-04-05,1.3055097
2014-04-06,6.918292
2014-04-07,20.536953
2014-04-08,32.23905
2014-04-09,2.699166
2014-04-10,0.0
2014-04-11,0.0
2014-04-12,0.14684215
2014-04-13,0.0
2014-04-14,0.43431118
2014-04-15,9.0970335
2014-04-16,5.8512616
2014-04-17,0.079879776
2014-04-18,0.3085013
2014-04-19,28.555315
2014-04-20,9.196328
2014-04-21,0.19356911
2014-04-22,0.0
2014-04-23,0.097009264
2014-04-24,0.0
2014-04-25,2.0683463
2014-04-26,5.4341197
2014-04-27,0.0
2014-04-28,0.5292616
2014-04-29,6.097844
2014-04-30,16.528126
2014-05-01,6.723623
2014-05-02,9.071321
2014-05-03,6.938673
2014-05-04,0.007848619
2014-05-05,1.9702781
2014-05-06,1.4156022
2014-05-07,0.0
2014-05-08,0.010232018
2014-05-09,0.09427582
2014-05-10,6.7264094
2014-05-11,0.6121508
2014-05-12,0.23740175
2014-05-13,0.0065620453
2014-05-14,0.08579878
2014-05-15,4.7936497
2014-05-16,16.82901
2014-05-17,0.97865576
2014-05-18,0.033767562
2014-05-19,0.022497242
2014-05-20,0.0
2014-05-21,0.0361072
2014-05-22,1.6983466
2014-05-23,1.8293424
2014-05-24,0.26735604
2014-05-25,0.10478244
2014-05-26,0.23211306
2014-05-27,0.45125774
2014-05-28,3.0172877
2014-05-29,3.2812974
2014-05-30,1.4453406
2014-05-31,0.105271645
2014-06-01,0.09562261
2014-06-02,0.0
2014-06-03,0.004601285
2014-06-04,0.05193013
2014-06-05,3.1387339
2014-06-06,3.9821956
2014-06-07,1.183266
2014-06-08,0.12928069
2014-06-09,1.567258
2014-06-10,9.315608
2014-06-11,3.6437035
2014-06-12,7.238459
2014-06-13,1.4883894
2014-06-14,8.280618
2014-06-15,0.82636696
2014-06-16,0.0
2014-06-17,0.802506
2014-06-18,0.64609164
2014-06-19,0.59640527
2014-06-20,12.785438
2014-06-21,9.449156
2014-06-22,14.001047
2014-06-23,0.11746035
2014-06-24,0.6186189
2014-06-25,2.5409389
2014-06-26,2.562709
2014-06-27,10.777213
2014-06-28,6.175436
2014-06-29,0.059005752
2014-06-30,0.23461062
2014-07-01,0.0
2014-07-02,0.35077077
2014-07-03,7.4223013
2014-07-04,22.081917
2014-07-05,0.5880836
2014-07-06,0.7492244
2014-07-07,0.7677282
2014-07-08,0.2271819
2014-07-09,0.84664685
2014-07-10,10.620416
2014-07-11,20.666948
2014-07-12,2.9515817
2014-07-13,0.027382042
2014-07-14,0.37397176
2014-07-15,12.213195
2014-07-16,18.738092
2014-07-17,9.28194
2014-07-18,1.8139069
2014-07-19,4.33805
2014-07-20,2.0281599
2014-07-21,18.638083
2014-07-22,5.819131
2014-07-23,2.0874848
2014-07-24,5.344066
2014-07-25,10.010919
2014-07-26,0.9050075
2014-07-27,4.9302764
2014-07-28,1.8355317
2014-07-29,3.7562966
2014-07-30,0.025342697
2014-07-31,1.777922
2014-08-01,23.349874
2014-08-02,30.91799
2014-08-03,27.36828
2014-08-04,17.21622
2014-08-05,11.167191
2014-08-06,0.3670301
2014-08-07,2.1475983
2014-08-08,1.0730255
2014-08-09,6.061551
2014-08-10,1.4164258
2014-08-11,0.18133254
2014-08-12,2.686901
2014-08-13,8.308188
2014-08-14,0.24667357
2014-08-15,0.071186826
2014-08-16,3.6670334
2014-08-17,0.19938228
2014-08-18,4.771302
2014-08-19,15.335731
2014-08-20,2.3182771
2014-08-21,1.195844
2014-08-22,3.586712
2014-08-23,1.319128
2014-08-24,0.34385008
2014-08-25,0.0
2014-08-26,0.0
2014-08-27,0.030507887
2014-08-28,0.014739199
2014-08-29,0.45324892
2014-08-30,0.5461857
2014-08-31,0.025527842
2014-09-01,0.05638812
2014-09-02,0.65438354
2014-09-03,0.7732021
2014-09-04,5.100684
2014-09-05,4.159718
2014-09-06,1.0193043
2014-09-07,9.998992
2014-09-08,18.446169
2014-09-09,13.580175
2014-09-10,0.6504834
2014-09-11,0.0205035
2014-09-12,2.0470443
2014-09-13,4.303876
2014-09-14,4.875545
2014-09-15,0.6207932
2014-09-16,1.6618601
2014-09-17,5.425717
2014-09-18,0.4339119
2014-09-19,1.4358176
2014-09-20,13.224219
2014-09-21,8.873926
2014-09-22,0.027119419
2014-09-23,23.39113
2014-09-24,25.494928
2014-09-25,6.1494756
2014-09-26,5.5217733
2014-09-27,0.04115685
2014-09-28,0.11604094
2014-09-29,7.106345
2014-09-30,4.198945
2014-10-01,0.0
2014-10-02,0.0
2014-10-03,0.13125248
2014-10-04,9.144428
2014-10-05,0.0
2014-10-06,0.0
2014-10-07,10.0869255
2014-10-08,0.12581205
2014-10-09,0.40746745
2014-10-10,0.43598345
2014-10-11,1.7145474
2014-10-12,1.4065301
2014-10-13,0.5337778
2014-10-14,0.5961083
2014-10-15,22.04064
2014-10-16,7.8257365
2014-10-17,0.0
2014-10-18,0.0
2014-10-19,0.50963145
2014-10-20,0.047080945
2014-10-21,1.2815628
2014-10-22,0.94459
2014-10-23,0.101578034
2014-10-24,0.66322464
2014-10-25,0.0
2014-10-26,0.0
2014-10-27,0.0
2014-10-28,0.009751758
2014-10-29,2.0582235
2014-10-30,1.729481
2014-10-31,4.8331685
2014-11-01,0.0
2014-11-02,0.57295364
2014-11-03,0.0
2014-11-04,0.04444098
2014-11-05,8.26068
2014-11-06,6.5961766
2014-11-07,0.012586648
2014-11-08,0.29381764
2014-11-09,4.2685995
2014-11-10,4.023624
2014-11-11,11.70846
2014-11-12,0.63595617
2014-11-13,0.0
2014-11-14,1.1841667
2014-11-15,0.0
2014-11-16,0.0
2014-11-17,2.2344043
2014-11-18,7.270961
2014-11-19,0.0
2014-11-20,0.0
2014-11-21,0.0
2014-11-22,0.0
2014-11-23,22.170628
2014-11-24,13.3218775
2014-11-25,11.157712
2014-11-26,35.614952
2014-11-27,0.0
2014-11-28,0.0
2014-11-29,0.076986186
2014-11-30,0.0
2014-12-01,0.0
2014-12-02,0.14671388
2014-12-03,0.38085404
2014-12-04,1.7647233
2014-12-05,0.7056148
2014-12-06,5.1525507
2014-12-07,4.1752276
2014-12-08,0.14612284
2014-12-09,3.929241
2014-12-10,0.030691626
2014-12-11,0.08071605
2014-12-12,0.17287691
2014-12-13,0.0
2014-12-14,0.0
2014-12-15,0.0
2014-12-16,1.6109124
2014-12-17,0.5313779
2014-12-18,0.16073357
2014-12-19,0.026991505
2014-12-20,4.1997538
2014-12-21,0.06426324
2014-12-22,18.786854
2014-12-23,16.745857
2014-12-24,35.108303
2014-12-25,3.6630435
2014-12-26,0.0040544155
2014-12-27,0.0
2014-12-28,0.06360265
2014-12-29,3.3761332
2014-12-30,1.841696
2014-12-31,0.057191532
2015-01-01,0.0
2015-01-02,1.5988125
2015-01-03,11.020519
2015-01-04,3.0592768
2015-01-05,5.137649
2015-01-06,0.28910792
2015-01-07,6.645607
2015-01-08,0.0
2015-01-09,0.0
2015-01-10,0.0
2015-01-11,0.026769519
2015-01-12,22.31808
2015-01-13,23.30035
2015-01-14,4.147325
2015-01-15,0.74201447
2015-01-16,2.3783362
2015-01-17,0.0
2015-01-18,7.5336514
2015-01-19,0.017186137
2015-01-20,0.0052844943
2015-01-21,0.5937328
2015-01-22,0.0
2015-01-23,2.2550206
2015-01-24,15.143253
2015-01-25,0.0
2015-01-26,8.876449
2015-01-27,0.55766547
2015-01-28,0.0
2015-01-29,0.5240854
2015-01-30,1.1906437
2015-01-31,0.0
2015-02-01,0.057612702
2015-02-02,6.334813
2015-02-03,0.0
2015-02-04,0.021975143
2015-02-05,22.942348
2015-02-06,0.40696162
2015-02-07,0.32249963
2015-02-08,0.056388997
2015-02-09,0.33528563
2015-02-10,11.150043
2015-02-11,0.4684738
2015-02-12,0.0
2015-02-13,0.31685218
2015-02-14,0.0009638891
2015-02-15,0.009959191
2015-02-16,0.0
2015-02-17,11.853477
2015-02-18,9.647665
2015-02-19,0.0
2015-02-20,0.0
2015-02-21,1.8520108
2015-02-22,2.0729322
2015-02-23,11.417344
2015-02-24,1.4666642
2015-02-25,5.5265565
2015-02-26,36.332516
2015-02-27,3.7116704
2015-02-28,1.3877784
2015-03-01,0.114771605
2015-03-02,2.8566704
2015-03-03,0.66950035
2015-03-04,0.2098752
2015-03-05,0.48108557
2015-03-06,8.238631
2015-03-07,0.19657435
2015-03-08,0.0
2015-03-09,3.3310828
2015-03-10,1.247787
2015-03-11,1.4314978
2015-03-12,0.5312256
2015-03-13,0.9924634
2015-03-14,14.267523
2015-03-15,1.7833258
2015-03-16,1.7332822
2015-03-17,2.5547316
2015-03-18,0.10128786
2015-03-19,1.8297782
2015-03-20,0.9618616
2015-03-21,0.8921744
2015-03-22,5.4627757
2015-03-23,10.464448
2015-03-24,0.0
2015-03-25,0.02014138
2015-03-26,8.354502
2015-03-27,22.865612
2015-03-28,7.7925587
2015-03-29,0.0
2015-03-30,1.7837751
2015-03-31,0.0006172459
2015-04-01,0.029392922
2015-04-02,0.0
2015-04-03,0.06452043
2015-04-04,10.927652
2015-04-05,0.0
2015-04-06,0.0038003891
2015-04-07,1.84976
2015-04-08,2.749807
2015-04-09,8.283052
2015-04-10,10.417969
2015-04-11,4.7887397
2015-04-12,2.74556
2015-04-13,2.3999104
2015-04-14,2.965213
2015-04-15,8.222441
2015-04-16,12.014182
2015-04-17,0.08688168
2015-04-18,2.5476134
2015-04-19,0.35598093
2015-04-20,14.650311
2015-04-21,11.124704
2015-04-22,0.0
2015-04-23,0.008549801
2015-04-24,0.0
2015-04-25,2.33331
2015-04-26,1.5545844
2015-04-27,0.0
2015-04-28,0.0
2015-04-29,3.4870372
2015-04-30,0.25428134
2015-05-01,0.67741066
2015-05-02,1.613932
2015-05-03,0.042370442
2015-05-04,0.0095354635
2015-05-05,0.78303725
2015-05-06,10.179669
2015-05-07,12.48497
2015-05-08,0.330408
2015-05-09,1.4311585
2015-05-10,10.961162
2015-05-11,16.945896
2015-05-12,2.1571662
2015-05-13,2.358647
2015-05-14,0.0
2015-05-15,1.22731
2015-05-16,0.2290471
2015-05-17,0.96275216
2015-05-18,0.92818177
2015-05-19,2.3961337
2015-05-20,4.8453145
2015-05-21,5.270146
2015-05-22,2.9231038
2015-05-23,0.17267476
2015-05-24,0.0
2015-05-25,0.0
2015-05-26,0.0029740618
2015-05-27,0.5244882
2015-05-28,1.7436945
2015-05-29,0.6805981
2015-05-30,0.030693132
2015-05-31,0.003150112
2015-06-01,0.04026694
2015-06-02,4.142085
2015-06-03,8.663906
2015-06-04,4.8121066
2015-06-05,0.56515926
2015-06-06,0.01148704
2015-06-07,0.4306585
2015-06-08,0.0
2015-06-09,4.6850944
2015-06-10,16.972618
2015-06-11,0.00748123
2015-06-12,0.15286335
2015-06-13,1.4833692
2015-06-14,1.3731499
2015-06-15,0.044058446
2015-06-16,2.9873405
2015-06-17,1.5566663
2015-06-18,7.174905
2015-06-19,10.178434
2015-06-20,14.052761
2015-06-21,3.4297872
2015-06-22,0.2327786
2015-06-23,0.0031505008
2015-06-24,6.676145
2015-06-25,13.359719
2015-06-26,24.29389
2015-06-27,20.862738
2015-06-28,18.553719
2015-06-29,7.580589
2015-06-30,0.7403144
2015-07-01,4.626624
2015-07-02,0.74953294
2015-07-03,9.191812
2015-07-04,7.0330806
2015-07-05,1.8466794
2015-07-06,10.778682
2015-07-07,1.3073814
2015-07-08,0.94138175
2015-07-09,5.320345
2015-07-10,0.10865566
2015-07-11,7.017931
2015-07-12,7.6825
2015-07-13,11.683955
2015-07-14,9.583507
2015-07-15,2.9056926
2015-07-16,1.0279287
2015-07-17,0.0860957
2015-07-18,4.0605745
2015-07-19,8.007035
2015-07-20,3.3200364
2015-07-21,2.490666
2015-07-22,9.217231
2015-07-23,8.324279
2015-07-24,8.361132
2015-07-25,0.038301606
2015-07-26,0.0025906295
2015-07-27,2.4023523
2015-07-28,1.7296616
2015-07-29,0.12514296
2015-07-30,0.24700035
2015-07-31,1.5362555
2015-08-01,7.275264
2015-08-02,2.0916083
2015-08-03,9.346415
2015-08-04,7.403319
2015-08-05,3.6758115
2015-08-06,4.560064
2015-08-07,18.645285
2015-08-08,5.5760403
2015-08-09,0.009826776
2015-08-10,0.00022089199
2015-08-11,2.2060707
2015-08-12,3.8936346
2015-08-13,0.5212456
2015-08-14,0.46883217
2015-08-15,0.3702794
2015-08-16,0.098675445
2015-08-17,2.2977514
2015-08-18,4.155015
2015-08-19,3.2260299
2015-08-20,5.1418324
2015-08-21,3.2338226
2015-08-22,1.0937337
2015-08-23,0.2794092
2015-08-24,2.3252275
2015-08-25,2.5845492
2015-08-26,5.6072865
2015-08-27,15.356474
2015-08-28,3.4445517
2015-08-29,2.2502642
2015-08-30,5.481387
2015-08-31,20.82763
2015-09-01,1.7883887
2015-09-02,0.37188783
2015-09-03,3.7933967
2015-09-04,3.3112729
2015-09-05,3.4279683
2015-09-06,7.6577215
2015-09-07,5.1131883
2015-09-08,4.605341
2015-09-09,3.0694196
2015-09-10,3.0154564
2015-09-11,5.8018346
2015-09-12,6.2494845
2015-09-13,7.6569643
2015-09-14,0.6379935
2015-09-15,0.0
2015-09-16,2.0489726
2015-09-17,11.02567
2015-09-18,4.02566
2015-09-19,1.5854282
2015-09-20,0.31470197
2015-09-21,3.3422422
2015-09-22,6.1245685
2015-09-23,3.25608
2015-09-24,5.4917784
2015-09-25,29.199877
2015-09-26,14.999298
2015-09-27,5.4187045
2015-09-28,4.996093
2015-09-29,2.8225522
2015-09-30,4.6540956
2015-10-01,26.33452
2015-10-02,36.638107
2015-10-03,6.6316004
2015-10-04,0.913682
2015-10-05,8.986782
2015-10-06,3.9971669
2015-10-07,0.010470693
2015-10-08,0.0
2015-10-09,0.32014534
2015-10-10,23.46823
2015-10-11,10.636523
2015-10-12,1.8538291
2015-10-13,0.11442577
2015-10-14,0.06415197
2015-10-15,0.0
2015-10-16,0.0
2015-10-17,0.0
2015-10-18,0.0
2015-10-19,0.0
2015-10-20,0.0
2015-10-21,0.0
2015-10-22,0.0
2015-10-23,0.0
2015-10-24,0.0
2015-10-25,1.021468
2015-10-26,7.5292673
2015-10-27,21.458006
2015-10-28,12.011957
2015-10-29,4.498253
2015-10-30,0.95419383
2015-10-31,0.0
2015-11-01,0.5803346
2015-11-02,2.3217032
2015-11-03,6.7344003
2015-11-04,2.3369865
2015-11-05,0.60483724
2015-11-06,0.008995355
2015-11-07,0.03422421
2015-11-08,3.8078072
2015-11-09,16.921743
2015-11-10,13.919932
2015-11-11,0.0
2015-11-12,0.0063888216
2015-11-13,0.11935208
2015-11-14,0.0
2015-11-15,0.017687436
2015-11-16,1.580237
2015-11-17,0.07574398
2015-11-18,1.1830666
2015-11-19,41.052505
2015-11-20,11.627872
2015-11-21,0.0
2015-11-22,25.146633
2015-11-23,1.6714166
2015-11-24,0.0
2015-11-25,0.016415512
2015-11-26,4.429033e-05
2015-11-27,0.034709204
2015-11-28,0.3976964
2015-11-29,0.50011855
2015-11-30,18.776217
2015-12-01,14.248123
2015-12-02,7.004684
2015-12-03,5.4644375
2015-12-04,1.1859676
2015-12-05,0.058881503
2015-12-06,0.0
2015-12-07,1.2926688
2015-12-08,0.15702261
2015-12-09,0.0
2015-12-10,0.0026927541
2015-12-11,0.013674597
2015-12-12,0.0
2015-12-13,2.2631216
2015-12-14,0.7219027
2015-12-15,0.15714829
2015-12-16,0.0
2015-12-17,1.2764668
2015-12-18,6.538254
2015-12-19,0.40356258
2015-12-20,0.0
2015-12-21,2.7783632
2015-12-22,14.241133
2015-12-23,27.799603
2015-12-24,20.358088
2015-12-25,1.4715288
2015-12-26,0.05848086
2015-12-27,0.0
2015-12-28,0.71183753
2015-12-29,2.674935
2015-12-30,3.8009262
2015-12-31,11.18872
2016-01-01,11.756633
2016-01-02,8.060291
2016-01-03,2.2471747
2016-01-04,5.656711
2016-01-05,0.0
2016-01-06,0.92721254
2016-01-07,1.6569352
2016-01-08,3.7400703
2016-01-09,0.45743456
2016-01-10,2.6678755
2016-01-11,0.16132133
2016-01-12,0.0
2016-01-13,0.0
2016-01-14,0.0
2016-01-15,12.613726
2016-01-16,1.4578519
2016-01-17,16.557962
2016-01-18,0.0
2016-01-19,0.0
2016-01-20,0.015295458
2016-01-21,0.016406028
2016-01-22,7.7412076
2016-01-23,7.307871
2016-01-24,0.0
2016-01-25,0.00071765913
2016-01-26,0.41311863
2016-01-27,9.854688
2016-01-28,5.3664083
2016-01-29,13.758103
2016-01-30,0.0
2016-01-31,0.0
2016-02-01,1.4053967
2016-02-02,0.0
2016-02-03,0.3394266
2016-02-04,48.11694
2016-02-05,23.853148
2016-02-06,0.032998566
2016-02-07,36.907337
2016-02-08,6.859291
2016-02-09,0.018362306
2016-02-10,0.0
2016-02-11,0.0
2016-02-12,1.8289303
2016-02-13,0.0
2016-02-14,0.0
2016-02-15,2.6856377
2016-02-16,32.384197
2016-02-17,0.09768882
2016-02-18,0.0
2016-02-19,0.0
2016-02-20,0.11018311
2016-02-21,2.8215666
2016-02-22,3.7184746
2016-02-23,5.5063324
2016-02-24,4.79865
2016-02-25,0.19531293
2016-02-26,0.0
2016-02-27,0.0
2016-02-28,0.0
2016-02-29,0.0
2016-03-01,0.0
2016-03-02,0.8443835
2016-03-03,0.06542506
2016-03-04,6.4195786
2016-03-05,0.0
2016-03-06,1.9651339
2016-03-07,0.0
2016-03-08,0.0
2016-03-09,0.0
2016-03-10,0.069909215
2016-03-11,0.66917455
2016-03-12,0.92218524
2016-03-13,0.031987306
2016-03-14,3.9431977
2016-03-15,2.2901735
2016-03-16,0.0
2016-03-17,0.5363954
2016-03-18,6.658805
2016-03-19,2.5706735
2016-03-20,0.023968367
2016-03-21,0.0
2016-03-22,0.0
2016-03-23,0.0
2016-03-24,0.0
2016-03-25,1.5153046
2016-03-26,8.036087
2016-03-27,44.37865
2016-03-28,7.8363366
2016-03-29,0.0
2016-03-30,0.0
2016-03-31,0.1402792
2016-04-01,7.8161077
2016-04-02,10.947066
2016-04-03,0.0
2016-04-04,0.0
2016-04-05,0.0
2016-04-06,0.05630122
2016-04-07,15.363505
2016-04-08,0.0
2016-04-09,0.0
2016-04-10,0.0
2016-04-11,0.044639338
2016-04-12,11.0311
2016-04-13,2.7273147
2016-04-14,0.11137768
2016-04-15,3.2060235
2016-04-16,0.83227336
2016-04-17,0.0
2016-04-18,0.0
2016-04-19,0.23310952
2016-04-20,0.025926895
2016-04-21,0.0
2016-04-22,1.1172434
2016-04-23,10.032785
2016-04-24,0.11007777
2016-04-25,0.0
2016-04-26,0.0
2016-04-27,0.045370154
2016-04-28,4.583313
2016-04-29,10.310927
2016-04-30,0.027633613
2016-05-01,8.518918
2016-05-02,11.621011
2016-05-03,35.265774
2016-05-04,13.424696
2016-05-05,8.690189
2016-05-06,0.069550805
2016-05-07,0.035834886
2016-05-08,0.021173887
2016-05-09,1.2031287
2016-05-10,6.7406282
2016-05-11,4.3069253
2016-05-12,3.6898835
2016-05-13,6.2644897
2016-05-14,6.604605
2016-05-15,0.38789698
2016-05-16,0.0
2016-05-17,0.29953513
2016-05-18,8.815017
2016-05-19,1.0317454
2016-05-20,1.8204099
2016-05-21,16.407866
2016-05-22,1.32842
2016-05-23,0.31669432
2016-05-24,0.02029431
2016-05-25,0.0
2016-05-26,0.0
2016-05-27,0.0
2016-05-28,0.22596166
2016-05-29,9.760392
2016-05-30,12.7513075
2016-05-31,7.255213
2016-06-01,5.879926
2016-06-02,11.785459
2016-06-03,5.2651124
2016-06-04,9.054837
2016-06-05,10.200191
2016-06-06,17.112417
2016-06-07,12.936914
2016-06-08,0.0
2016-06-09,0.0
2016-06-10,0.0
2016-06-11,0.021812707
2016-06-12,0.39851633
2016-06-13,2.1097105
2016-06-14,0.064815484
2016-06-15,5.0289254
2016-06-16,3.7741227
2016-06-17,1.5642941
2016-06-18,0.84146065
2016-06-19,0.0
2016-06-20,0.0
2016-06-21,2.9712105
2016-06-22,2.2997117
2016-06-23,12.843032
2016-06-24,21.200705
2016-06-25,1.8264582
2016-06-26,0.13175593
2016-06-27,0.00011574805
2016-06-28,1.2140242
2016-06-29,4.2594256
2016-06-30,5.1951523
2016-07-01,11.67739
2016-07-02,3.5230713
2016-07-03,11.534392
2016-07-04,6.6473227
2016-07-05,5.3071594
2016-07-06,11.046347
2016-07-07,1.4719039
2016-07-08,5.477359
2016-07-09,10.485897
2016-07-10,0.06744774
2016-07-11,9.292845
2016-07-12,4.9439864
2016-07-13,8.387994
2016-07-14,1.0273633
2016-07-15,3.3285272
2016-07-16,16.865929
2016-07-17,7.3971043
2016-07-18,0.9592082
2016-07-19,7.3904004
2016-07-20,6.8865285
2016-07-21,0.35221452
2016-07-22,0.03610424
2016-07-23,0.028076211
2016-07-24,0.45786238
2016-07-25,0.023014748
2016-07-26,1.3153872
2016-07-27,7.712364
2016-07-28,7.472239
2016-07-29,0.7021037
2016-07-30,10.898135
2016-07-31,20.67944
2016-08-01,18.216686
2016-08-02,10.759691
2016-08-03,5.424918
2016-08-04,0.07806591
2016-08-05,2.8063161
2016-08-06,3.5857956
2016-08-07,6.036607
2016-08-08,5.710815
2016-08-09,6.7461004
2016-08-10,0.17097302
2016-08-11,0.028899604
2016-08-12,0.011068132
2016-08-13,0.05098884
2016-08-14,0.026385404
2016-08-15,0.8558639
2016-08-16,1.5838627
2016-08-17,0.30861038
2016-08-18,7.3907595
2016-08-19,7.8167543
2016-08-20,8.80994
2016-08-21,0.36876345
2016-08-22,2.8348613
2016-08-23,0.17967863
2016-08-24,0.017090827
2016-08-25,0.0
2016-08-26,0.0
2016-08-27,0.0013215598
2016-08-28,2.48269
2016-08-29,2.8896937
2016-08-30,6.4373264
2016-08-31,5.1042953
2016-09-01,12.341526
2016-09-02,48.384693
2016-09-03,19.013681
2016-09-04,0.0030660827
2016-09-05,1.4041795
2016-09-06,7.4888225
2016-09-07,2.8306499
2016-09-08,2.6738894
2016-09-09,0.16259815
2016-09-10,0.28229296
2016-09-11,0.76424295
2016-09-12,11.927163
2016-09-13,3.4072392
2016-09-14,5.5187616
2016-09-15,8.093729
2016-09-16,0.322961
2016-09-17,0.04848926
2016-09-18,0.4169706
2016-09-19,16.1248
2016-09-20,24.071028
2016-09-21,12.180676
2016-09-22,2.5062182
2016-09-23,2.0827556
2016-09-24,0.056068942
2016-09-25,0.0028788347
2016-09-26,0.008825035
2016-09-27,10.882777
2016-09-28,5.9525256
2016-09-29,20.818274
2016-09-30,13.090164
2016-10-01,20.083399
2016-10-02,7.7741556
2016-10-03,1.7420322
2016-10-04,16.421743
2016-10-05,5.385018
2016-10-06,1.2325741
2016-10-07,23.227888
2016-10-08,61.026897
2016-10-09,13.107592
2016-10-10,0.0
2016-10-11,0.0
2016-10-12,0.0
2016-10-13,0.0
2016-10-14,0.010046916
2016-10-15,0.36764103
2016-10-16,0.00033224968
2016-10-17,0.0
2016-10-18,0.0
2016-10-19,0.0
2016-10-20,0.0
2016-10-21,0.00081464084
2016-10-22,0.075987644
2016-10-23,0.00013289988
2016-10-24,0.0
2016-10-25,0.0
2016-10-26,0.0
2016-10-27,0.43296412
2016-10-28,0.09849652
2016-10-29,0.0
2016-10-30,0.0
2016-10-31,0.34186283
2016-11-01,0.0803257
2016-11-02,0.0
2016-11-03,0.0014470253
2016-11-04,5.717193
2016-11-05,0.0
2016-11-06,0.0
2016-11-07,0.0
2016-11-08,0.21798177
2016-11-09,4.32899
2016-11-10,0.31023008
2016-11-11,0.0061588665
2016-11-12,1.8230908
2016-11-13,0.009631892
2016-11-14,3.458303
2016-11-15,0.37160712
2016-11-16,0.042033684
2016-11-17,0.0
2016-11-18,0.0
2016-11-19,0.0
2016-11-20,0.0
2016-11-21,0.0
2016-11-22,0.4193478
2016-11-23,0.031345207
2016-11-24,0.24107759
2016-11-25,0.0
2016-11-26,0.6893778
2016-11-27,0.0
2016-11-28,0.63351333
2016-11-29,13.53135
2016-11-30,3.3966892
2016-12-01,9.47089
2016-12-02,0.0
2016-12-03,0.1703083
2016-12-04,2.6962132
2016-12-05,5.8358426
2016-12-06,15.227388
2016-12-07,0.0013729917
2016-12-08,0.43993565
2016-12-09,1.1978055
2016-12-10,0.0
2016-12-11,0.25313258
2016-12-12,2.6787765
2016-12-13,4.1223288
2016-12-14,12.847515
2016-12-15,2.9402187
2016-12-16,2.621526
2016-12-17,1.2626455
2016-12-18,0.6191176
2016-12-19,9.234656
2016-12-20,4.337766
2016-12-21,1.5263487
2016-12-22,0.37954488
2016-12-23,0.17871112
2016-12-24,1.189329
2016-12-25,0.24017236
2016-12-26,0.0
2016-12-27,0.313136
2016-12-28,0.53908956
2016-12-29,3.363407
2016-12-30,0.16130678
2016-12-31,1.3533436
2017-01-01,7.493418
2017-01-02,10.073838
2017-01-03,16.283316
2017-01-04,2.3160172
2017-01-05,2.3330789
2017-01-06,1.2304459
2017-01-07,34.582085
2017-01-08,0.69575626
2017-01-09,0.01275767
2017-01-10,0.044864796
2017-01-11,0.7766655
2017-01-12,0.29299816
2017-01-13,0.0004651152
2017-01-14,6.201536e-05
2017-01-15,0.00041477798
2017-01-16,0.0
2017-01-17,2.1977262
2017-01-18,9.743062
2017-01-19,0.0020154992
2017-01-20,16.152596
2017-01-21,0.085287586
2017-01-22,5.241478
2017-01-23,8.938627
2017-01-24,0.13532688
2017-01-25,0.0
2017-01-26,1.2659309
2017-01-27,0.15792935
2017-01-28,0.12979566
2017-01-29,2.224824
2017-01-30,0.01958705
2017-01-31,1.6912171
2017-02-01,2.8101034
2017-02-02,0.041710835
2017-02-03,0.24277909
2017-02-04,0.0044528553
2017-02-05,0.0
2017-02-06,0.0
2017-02-07,0.58591276
2017-02-08,17.190826
2017-02-09,3.3276036
2017-02-10,0.0853394
2017-02-11,0.9338
2017-02-12,0.16825114
2017-02-13,0.0
2017-02-14,0.0
2017-02-15,13.303919
2017-02-16,0.039299943
2017-02-17,0.684884
2017-02-18,0.0020320953
2017-02-19,3.8400772
2017-02-20,0.0
2017-02-21,1.5019497
2017-02-22,1.1034257
2017-02-23,0.99408317
2017-02-24,0.687773
2017-02-25,0.0047962917
2017-02-26,0.0
2017-02-27,0.0
2017-02-28,2.6150146
2017-03-01,2.095532
2017-03-02,18.863766
2017-03-03,0.32864746
2017-03-04,0.0
2017-03-05,0.0
2017-03-06,0.0
2017-03-07,0.0068221404
2017-03-08,7.5893474
2017-03-09,0.0
2017-03-10,6.3190794
2017-03-11,0.0
2017-03-12,7.4057565
2017-03-13,4.075289
2017-03-14,24.33088
2017-03-15,0.024017695
2017-03-16,0.0
2017-03-17,0.0
2017-03-18,10.961332
2017-03-19,1.3883702
2017-03-20,0.0023209637
2017-03-21,0.0676473
2017-03-22,8.349278
2017-03-23,0.00049147726
2017-03-24,0.00063805317
2017-03-25,0.045856934
2017-03-26,0.22937924
2017-03-27,0.0
2017-03-28,2.5268922
2017-03-29,0.278977
2017-03-30,0.0
2017-03-31,17.33895
2017-04-01,1.0277151
2017-04-02,0.0
2017-04-03,1.9563385
2017-04-04,12.754444
2017-04-05,13.179592
2017-04-06,43.376476
2017-04-07,0.07434598
2017-04-08,0.0010618623
2017-04-09,0.0
2017-04-10,0.0
2017-04-11,0.022710333
2017-04-12,0.19589414
2017-04-13,0.9014997
2017-04-14,0.016260406
2017-04-15,0.055580925
2017-04-16,0.027494343
2017-04-17,0.029958725
2017-04-18,0.095704526
2017-04-19,0.037171226
2017-04-20,0.02209844
2017-04-21,0.17387407
2017-04-22,1.1545736
2017-04-23,1.1054745
2017-04-24,26.46323
2017-04-25,8.762719
2017-04-26,0.07688151
2017-04-27,0.07853724
2017-04-28,1.5882638
2017-04-29,0.0403808
2017-04-30,0.03225779
2017-05-01,0.0
2017-05-02,1.2698824
2017-05-03,0.0
2017-05-04,0.16762798
2017-05-05,27.231016
2017-05-06,8.387753
2017-05-07,0.23082285
2017-05-08,0.0
2017-05-09,1.1530411
2017-05-10,0.1272137
2017-05-11,3.0874317
2017-05-12,3.5941637
2017-05-13,4.436158
2017-05-14,0.65390784
2017-05-15,0.0
2017-05-16,0.0
2017-05-17,0.0
2017-05-18,0.35794353
2017-05-19,0.95428455
2017-05-20,2.4526796
2017-05-21,0.3598199
2017-05-22,2.4190133
2017-05-23,41.94507
2017-05-24,32.141644
2017-05-25,20.217855
2017-05-26,0.00027225286
2017-05-27,0.014899153
2017-05-28,4.4319153
2017-05-29,5.649063
2017-05-30,3.0162272
2017-05-31,4.406631
2017-06-01,3.395559
2017-06-02,2.9257143
2017-06-03,0.0
2017-06-04,0.5867311
2017-06-05,7.8165584
2017-06-06,8.760724
2017-06-07,6.6571975
2017-06-08,14.5952015
2017-06-09,0.018924404
2017-06-10,0.0
2017-06-11,0.0
2017-06-12,0.22375557
2017-06-13,0.21343231
2017-06-14,1.5004104
2017-06-15,4.4544578
2017-06-16,4.275132
2017-06-17,11.71944
2017-06-18,4.008775
2017-06-19,3.8049078
2017-06-20,19.052692
2017-06-21,10.236302
2017-06-22,2.201504
2017-06-23,2.0277019
2017-06-24,1.0626168
2017-06-25,12.13922
2017-06-26,4.6668777
2017-06-27,1.2739619
2017-06-28,0.46477044
2017-06-29,3.134363e-05
2017-06-30,1.6921401
2017-07-01,2.2590911
2017-07-02,2.6601133
2017-07-03,4.690749
2017-07-04,4.64123
2017-07-05,6.5277276
2017-07-06,7.759065
2017-07-07,1.5944097
2017-07-08,3.601557
2017-07-09,7.83165
2017-07-10,13.94329
2017-07-11,8.13857
2017-07-12,0.9887445
2017-07-13,0.038691804
2017-07-14,0.5527164
2017-07-15,5.1706686
2017-07-16,11.518516
2017-07-17,9.006525
2017-07-18,12.235339
2017-07-19,0.25972503
2017-07-20,0.26809174
2017-07-21,0.39125255
2017-07-22,1.0790942
2017-07-23,2.7601728
2017-07-24,12.767423
2017-07-25,2.8048055
2017-07-26,2.8021293
2017-07-27,2.1522288
2017-07-28,13.081197
2017-07-29,18.074022
2017-07-30,0.7788077
2017-07-31,1.6221243
2017-08-01,2.296778
2017-08-02,0.77394164
2017-08-03,4.9488544
2017-08-04,4.690565
2017-08-05,5.4469614
2017-08-06,1.6545879
2017-08-07,5.164886
2017-08-08,18.803001
2017-08-09,8.911248
2017-08-10,2.3625886
2017-08-11,6.886641
2017-08-12,17.785488
2017-08-13,11.303938
2017-08-14,5.335847
2017-08-15,5.8001075
2017-08-16,7.030847
2017-08-17,3.8017256
2017-08-18,6.4456124
2017-08-19,6.8573313
2017-08-20,7.7165837
2017-08-21,2.702012
2017-08-22,0.4776551
2017-08-23,4.5381546
2017-08-24,19.56419
2017-08-25,2.942005
2017-08-26,3.0656884
2017-08-27,0.61188316
2017-08-28,8.92055
2017-08-29,16.848375
2017-08-30,0.046808247
2017-08-31,0.14819033
2017-09-01,5.942833
2017-09-02,18.326616
2017-09-03,2.3604224
2017-09-04,0.37967297
2017-09-05,1.4752147
2017-09-06,14.893935
2017-09-07,10.107793
2017-09-08,0.15883006
2017-09-09,4.1533594
2017-09-10,4.132684
2017-09-11,23.97412
2017-09-12,13.540151
2017-09-13,0.05608116
2017-09-14,0.06721739
2017-09-15,0.1982737
2017-09-16,0.89160156
2017-09-17,2.8066776
2017-09-18,4.0518947
2017-09-19,4.005186
2017-09-20,0.030073632
2017-09-21,0.29588577
2017-09-22,0.11805038
2017-09-23,0.0
2017-09-24,0.16150236
2017-09-25,1.6821532
2017-09-26,0.57206315
2017-09-27,0.5392647
2017-09-28,0.3449876
2017-09-29,0.06610243
2017-09-30,0.104545705
2017-10-01,0.056855746
2017-10-02,0.0
2017-10-03,0.0
2017-10-04,0.0
2017-10-05,0.49619833
2017-10-06,0.20171423
2017-10-07,1.0073152
2017-10-08,1.8441664
2017-10-09,10.262411
2017-10-10,1.862714
2017-10-11,1.0683521
2017-10-12,2.4426
2017-10-13,0.06059216
2017-10-14,0.0
2017-10-15,0.0
2017-10-16,0.9550196
2017-10-17,6.929013
2017-10-18,2.9793675
2017-10-19,0.0
2017-10-20,0.0
2017-10-21,0.0
2017-10-22,0.29718924
2017-10-23,10.836805
2017-10-24,26.473627
2017-10-25,5.5021944
2017-10-26,2.1862862
2017-10-27,0.0
2017-10-28,0.0
2017-10-29,24.985968
2017-10-30,0.0023544687
2017-10-31,0.0
2017-11-01,0.0365741
2017-11-02,0.016154096
2017-11-03,0.0
2017-11-04,0.063238814
2017-11-05,1.1802424
2017-11-06,0.89109486
2017-11-07,3.8053906
2017-11-08,6.8386173
2017-11-09,6.699481
2017-11-10,4.3159986
2017-11-11,0.05272871
2017-11-12,0.6038652
2017-11-13,0.7950738
2017-11-14,0.062510096
2017-11-15,0.030229397
2017-11-16,0.31752056
2017-11-17,0.019614479
2017-11-18,0.024269056
2017-11-19,1.2395012
2017-11-20,0.0
2017-11-21,1.5184788
2017-11-22,15.278494
2017-11-23,0.6472278
2017-11-24,7.088325
2017-11-25,0.040830262
2017-11-26,0.0
2017-11-27,0.0
2017-11-28,0.0
2017-11-29,0.0
2017-11-30,0.0
2017-12-01,1.1911072
2017-12-02,1.7919058
2017-12-03,0.19053529
2017-12-04,0.0
2017-12-05,1.581373
2017-12-06,2.3869698
2017-12-07,6.189422
2017-12-08,12.44881
2017-12-09,13.578684
2017-12-10,0.2729604
2017-12-11,0.0
2017-12-12,0.19118786
2017-12-13,0.4485171
2017-12-14,0.0
2017-12-15,1.1174749
2017-12-16,0.7865858
2017-12-17,0.9555616
2017-12-18,3.382221
2017-12-19,0.06687803
2017-12-20,12.139738
2017-12-21,3.3082082
2017-12-22,0.00456248
2017-12-23,0.8148063
2017-12-24,4.6133833
2017-12-25,1.5319244
2017-12-26,1.7425317
2017-12-27,3.7317398
2017-12-28,0.44851688
2017-12-29,0.29381847
2017-12-30,2.938724
2017-12-31,0.36545086
2018-01-01,0.28698856
2018-01-02,0.0055830763
2018-01-03,10.8510895
2018-01-04,29.260506
2018-01-05,0.025043955
2018-01-06,0.0022462308
2018-01-07,0.016150247
2018-01-08,1.114657
2018-01-09,0.81994337
2018-01-10,0.8529714
2018-01-11,0.0
2018-01-12,0.12774871
2018-01-13,8.753043
2018-01-14,0.0016187695
2018-01-15,0.3030284
2018-01-16,0.0
2018-01-17,0.55619967
2018-01-18,0.93860435
2018-01-19,0.0
2018-01-20,0.0
2018-01-21,0.53967947
2018-01-22,2.6483064
2018-01-23,17.733938
2018-01-24,0.0
2018-01-25,1.5061605
2018-01-26,0.0
2018-01-27,0.23832372
2018-01-28,7.65046
2018-01-29,44.617146
2018-01-30,0.0023596287
2018-01-31,0.0
2018-02-01,0.0004505055
2018-02-02,1.1549745
2018-02-03,0.0
2018-02-04,13.661615
2018-02-05,4.0279307
2018-02-06,0.0
2018-02-07,1.3311242
2018-02-08,1.6519382
2018-02-09,0.0052734357
2018-02-10,2.008714
2018-02-11,13.152944
2018-02-12,8.777407
2018-02-13,4.0830355
2018-02-14,0.38636234
2018-02-15,1.841784
2018-02-16,1.6054896
2018-02-17,0.35611838
2018-02-18,0.7212039
2018-02-19,0.0094526
2018-02-20,0.0024278625
2018-02-21,0.0
2018-02-22,0.0
2018-02-23,0.0
2018-02-24,0.0074046105
2018-02-25,0.015056024
2018-02-26,1.8332889
2018-02-27,0.19770065
2018-02-28,3.7604907
2018-03-01,4.4131765
2018-03-02,0.9773153
2018-03-03,0.034459557
2018-03-04,0.0
2018-03-05,0.0
2018-03-06,4.2589717
2018-03-07,1.5725209
2018-03-08,0.0
2018-03-09,0.0
2018-03-10,0.011233
2018-03-11,3.928593
2018-03-12,9.122128
2018-03-13,1.1959592
2018-03-14,0.0
2018-03-15,0.0
2018-03-16,0.0
2018-03-17,0.013088933
2018-03-18,3.8926115
2018-03-19,2.351053
2018-03-20,23.138678
2018-03-21,14.830686
2018-03-22,0.0
2018-03-23,0.0
2018-03-24,0.31414133
2018-03-25,6.166444
2018-03-26,0.0
2018-03-27,0.0
2018-03-28,0.35296005
2018-03-29,1.2190375
2018-03-30,21.027681
2018-03-31,5.6691575
2018-04-01,0.015216809
2018-04-02,0.3367734
2018-04-03,0.019077718
2018-04-04,2.4860895
2018-04-05,3.4372077
2018-04-06,0.0
2018-04-07,15.19689
2018-04-08,16.112394
2018-04-09,0.00010835952
2018-04-10,2.159496
2018-04-11,6.1821933
2018-04-12,0.0010195194
2018-04-13,0.0
2018-04-14,0.0
2018-04-15,1.6274886
2018-04-16,6.4017544
2018-04-17,0.0
2018-04-18,0.0
2018-04-19,0.0
2018-04-20,0.00048998365
2018-04-21,0.0
2018-04-22,1.2942162
2018-04-23,10.937777
2018-04-24,42.975147
2018-04-25,4.546921
2018-04-26,0.017298771
2018-04-27,1.6564602
2018-04-28,0.17768584
2018-04-29,0.0
2018-04-30,0.0
2018-05-01,0.0
2018-05-02,0.0
2018-05-03,0.0
2018-05-04,0.0
2018-05-05,2.3797832
2018-05-06,40.569954
2018-05-07,27.030605
2018-05-08,0.9325211
2018-05-09,0.6190652
2018-05-10,0.37549046
2018-05-11,5.973105
2018-05-12,0.045854263
2018-05-13,0.14936222
2018-05-14,0.10601248
2018-05-15,0.5693174
2018-05-16,4.485097
2018-05-17,12.284237
2018-05-18,9.085222
2018-05-19,5.5661626
2018-05-20,0.4460898
2018-05-21,7.1938806
2018-05-22,5.395478
2018-05-23,1.911339
2018-05-24,6.1255903
2018-05-25,0.57724696
2018-05-26,1.0819184
2018-05-27,4.1157703
2018-05-28,24.451443
2018-05-29,21.976871
2018-05-30,5.7452416
2018-05-31,3.8077543
2018-06-01,0.31961203
2018-06-02,0.75994545
2018-06-03,5.17822
2018-06-04,2.4675686
2018-06-05,0.34631798
2018-06-06,0.30052364
2018-06-07,1.2739292
2018-06-08,0.2966858
2018-06-09,1.6974633
2018-06-10,2.3799698
2018-06-11,22.35044
2018-06-12,14.822403
2018-06-13,3.0432792
2018-06-14,4.7808166
2018-06-15,2.3815036
2018-06-16,0.18444397
2018-06-17,1.6400336
2018-06-18,11.039126
2018-06-19,0.35493198
2018-06-20,2.001938
2018-06-21,9.989477
2018-06-22,16.356546
2018-06-23,2.4832306
2018-06-24,4.1177692
2018-06-25,13.355247
2018-06-26,7.619368
2018-06-27,0.9689651
2018-06-28,0.21500474
2018-06-29,4.6225085
2018-06-30,0.27236214
2018-07-01,0.09625208
2018-07-02,0.11252436
2018-07-03,0.02714419
2018-07-04,0.83877
2018-07-05,1.4828031
2018-07-06,3.0047421
2018-07-07,16.16828
2018-07-08,4.2480664
2018-07-09,2.741077
2018-07-10,0.47994152
2018-07-11,0.20520586
2018-07-12,8.672918
2018-07-13,0.5093416
2018-07-14,0.004065806
2018-07-15,0.04120805
2018-07-16,4.534312
2018-07-17,6.19959
2018-07-18,19.03791
2018-07-19,3.3925242
2018-07-20,7.6976457
2018-07-21,14.419391
2018-07-22,1.1118844
2018-07-23,8.856887
2018-07-24,26.719818
2018-07-25,15.498801
2018-07-26,8.059001
2018-07-27,7.077187
2018-07-28,24.240192
2018-07-29,23.698362
2018-07-30,20.145618
2018-07-31,15.986972
2018-08-01,4.7965436
2018-08-02,6.8848896
2018-08-03,5.485519
2018-08-04,3.220906
2018-08-05,2.1631255
2018-08-06,2.699562
2018-08-07,3.0099714
2018-08-08,4.230976
2018-08-09,6.9132085
2018-08-10,0.5306634
2018-08-11,7.434865
2018-08-12,15.210922
2018-08-13,20.730171
2018-08-14,6.369882
2018-08-15,2.3799548
2018-08-16,1.3360537
2018-08-17,1.7061862
2018-08-18,1.8062978
2018-08-19,10.471058
2018-08-20,15.555517
2018-08-21,7.481451
2018-08-22,3.0132148
2018-08-23,2.8402777
2018-08-24,0.5906507
2018-08-25,0.21072294
2018-08-26,0.12083445
2018-08-27,0.16879661
2018-08-28,0.0040242984
2018-08-29,0.093698554
2018-08-30,0.26249152
2018-08-31,5.7796116
2018-09-01,6.3549204
2018-09-02,5.330107
2018-09-03,0.45320797
2018-09-04,0.63373554
2018-09-05,0.012157127
2018-09-06,0.3072216
2018-09-07,0.7770387
2018-09-08,1.9095566
2018-09-09,4.343532
2018-09-10,1.137039
2018-09-11,5.677844
2018-09-12,2.7134132
2018-09-13,26.158054
2018-09-14,47.803185
2018-09-15,37.66976
2018-09-16,19.859583
2018-09-17,11.328822
2018-09-18,0.7911415
2018-09-19,1.7199943
2018-09-20,0.0
2018-09-21,0.0
2018-09-22,0.0
2018-09-23,0.6160021
2018-09-24,0.24169925
2018-09-25,3.4476042
2018-09-26,0.767966
2018-09-27,1.7409406
2018-09-28,6.299776
2018-09-29,4.9061627
2018-09-30,2.7328522
2018-10-01,0.0
2018-10-02,0.0
2018-10-03,0.017587734
2018-10-04,0.01021078
2018-10-05,0.06806911
2018-10-06,0.30505255
2018-10-07,0.0015779078
2018-10-08,0.016238574
2018-10-09,0.7421285
2018-10-10,2.2329
2018-10-11,13.961545
2018-10-12,2.1152322
2018-10-13,0.0033252398
2018-10-14,0.10340301
2018-10-15,0.011214284
2018-10-16,0.038232207
2018-10-17,2.4643905
2018-10-18,1.3606154
2018-10-19,0.0
2018-10-20,4.6138177
2018-10-21,1.2866224
2018-10-22,0.0
2018-10-23,0.8722296
2018-10-24,0.36237627
2018-10-25,1.5985795
2018-10-26,24.4648
2018-10-27,13.030526
2018-10-28,1.5719892
2018-10-29,0.039882593
2018-10-30,0.0
2018-10-31,0.0
2018-11-01,0.06269165
2018-11-02,8.030698
2018-11-03,14.978795
2018-11-04,0.110500954
2018-11-05,49.50835
2018-11-06,3.3893344
2018-11-07,0.6088569
2018-11-08,8.728765
2018-11-09,1.2972192
2018-11-10,5.09207
2018-11-11,0.0
2018-11-12,2.736229
2018-11-13,10.207755
2018-11-14,1.5100569
2018-11-15,10.245471
2018-11-16,0.36039335
2018-11-17,5.5304685e-05
2018-11-18,0.11980978
2018-11-19,0.5915086
2018-11-20,1.5458254
2018-11-21,0.09156649
2018-11-22,0.0
2018-11-23,0.025039105
2018-11-24,15.795171
2018-11-25,0.38057137
2018-11-26,8.69608
2018-11-27,7.83286
2018-11-28,0.00058245915
2018-11-29,0.0
2018-11-30,0.0
2018-12-01,5.671138
2018-12-02,28.066751
2018-12-03,4.4421153
2018-12-04,0.0
2018-12-05,0.0
2018-12-06,0.0
2018-12-07,0.05663271
2018-12-08,0.4483002
2018-12-09,30.207003
2018-12-10,0.3266803
2018-12-11,0.1445244
2018-12-12,0.17484841
2018-12-13,0.25678408
2018-12-14,13.89173
2018-12-15,29.970549
2018-12-16,0.035917196
2018-12-17,0.017576132
2018-12-18,0.0
2018-12-19,0.0019822067
2018-12-20,16.655396
2018-12-21,5.944846
2018-12-22,6.818657e-05
2018-12-23,0.0
2018-12-24,0.0
2018-12-25,0.0
2018-12-26,0.0
2018-12-27,0.52139753
2018-12-28,7.1010695
2018-12-29,14.551494
2018-12-30,0.12364252
2018-12-31,0.03644975
2019-01-01,0.14322902
2019-01-02,1.5371634
2019-01-03,6.2555914
2019-01-04,17.879524
2019-01-05,14.446401
2019-01-06,0.0
2019-01-07,0.00027955856
2019-01-08,0.3585453
2019-01-09,0.0
2019-01-10,0.0
2019-01-11,0.0
2019-01-12,0.7196547
2019-01-13,5.043509
2019-01-14,0.0
2019-01-15,0.0
2019-01-16,0.0
2019-01-17,0.18098958
2019-01-18,0.7967842
2019-01-19,0.0
2019-01-20,20.322815
2019-01-21,0.0
2019-01-22,0.0
2019-01-23,0.0011178985
2019-01-24,9.514719
2019-01-25,0.0
2019-01-26,0.0010784727
2019-01-27,14.836366
2019-01-28,19.696001
2019-01-29,0.1866625
2019-01-30,0.51125675
2019-01-31,0.018403614
2019-02-01,0.045316383
2019-02-02,0.01283307
2019-02-03,11.211336
2019-02-04,16.785128
2019-02-05,0.00063492573
2019-02-06,0.047667943
2019-02-07,0.9844325
2019-02-08,0.11542901
2019-02-09,0.94928205
2019-02-10,0.41506165
2019-02-11,3.3720603
2019-02-12,3.0872257
2019-02-13,8.676208
2019-02-14,1.0503002
2019-02-15,16.14532
2019-02-16,13.54793
2019-02-17,0.0010370455
2019-02-18,1.0159684
2019-02-19,0.8712691
2019-02-20,7.4816766
2019-02-21,2.539242
2019-02-22,0.5326025
2019-02-23,1.7345123
2019-02-24,9.127543
2019-02-25,0.2712954
2019-02-26,0.050327398
2019-02-27,2.6531045
2019-02-28,7.928155
2019-03-01,1.8532727
2019-03-02,5.0507364
2019-03-03,1.0472367
2019-03-04,17.511126
2019-03-05,7.1347437
2019-03-06,0.0
2019-03-07,0.029923046
2019-03-08,3.8531947
2019-03-09,4.596052
2019-03-10,13.82187
2019-03-11,0.94855934
2019-03-12,1.0958248
2019-03-13,0.00057623064
2019-03-14,0.44019732
2019-03-15,0.48553088
2019-03-16,0.455295
2019-03-17,3.1912491
2019-03-18,0.5477991
2019-03-19,1.1680008
2019-03-20,3.110167
2019-03-21,5.3096027
2019-03-22,0.033349384
2019-03-23,0.0
2019-03-24,2.5552672e-05
2019-03-25,2.0004563
2019-03-26,4.699988
2019-03-27,0.34341803
2019-03-28,0.00032351865
2019-03-29,0.013938704
2019-03-30,0.25632226
2019-03-31,2.6529677
2019-04-01,2.404773
2019-04-02,23.31857
2019-04-03,2.5499103
2019-04-04,0.009458015
2019-04-05,5.681918
2019-04-06,1.1838298
2019-04-07,0.05227091
2019-04-08,1.5618148
2019-04-09,12.702323
2019-04-10,13.309437
2019-04-11,0.00037941997
2019-04-12,2.9734704
2019-04-13,8.873586
2019-04-14,6.5312943
2019-04-15,4.639629
2019-04-16,0.0
2019-04-17,0.0
2019-04-18,0.698449
2019-04-19,7.0058436
2019-04-20,15.641445
2019-04-21,1.971561
2019-04-22,0.0
2019-04-23,0.0
2019-04-24,0.0022850235
2019-04-25,0.0
2019-04-26,6.331447
2019-04-27,0.015319071
2019-04-28,0.0437081
2019-04-29,0.0
2019-04-30,0.0
2019-05-01,0.0
2019-05-02,0.02886229
2019-05-03,4.128675
2019-05-04,7.1702
2019-05-05,12.737866
2019-05-06,2.0446155
2019-05-07,0.0045610005
2019-05-08,0.00107432
2019-05-09,0.0
2019-05-10,0.0
2019-05-11,1.5565127
2019-05-12,13.483248
2019-05-13,13.74364
2019-05-14,0.18914829
2019-05-15,0.0
2019-05-16,0.0
2019-05-17,1.8569664
2019-05-18,0.65207183
2019-05-19,0.34436363
2019-05-20,0.010201017
2019-05-21,0.10984789
2019-05-22,0.2702612
2019-05-23,0.6611784
2019-05-24,0.4748317
2019-05-25,0.023960212
2019-05-26,1.3417252
2019-05-27,0.23141414
2019-05-28,0.31566003
2019-05-29,0.027349321
2019-05-30,1.1305301
2019-05-31,8.275918
2019-06-01,13.597737
2019-06-02,1.3888817
2019-06-03,1.5999641
2019-06-04,0.25340092
2019-06-05,4.4065366
2019-06-06,9.496236
2019-06-07,15.044918
2019-06-08,26.063297
2019-06-09,7.393131
2019-06-10,4.749062
2019-06-11,6.2519145
2019-06-12,8.866199
2019-06-13,8.899378
2019-06-14,3.8419983
2019-06-15,0.28840008
2019-06-16,0.026146261
2019-06-17,0.5427494
2019-06-18,2.6392252
2019-06-19,8.950274
2019-06-20,3.3211362
2019-06-21,5.0174174
2019-06-22,0.82031167
2019-06-23,0.51378554
2019-06-24,0.0
2019-06-25,0.08628197
2019-06-26,0.09872617
2019-06-27,0.46779796
2019-06-28,0.19320315
2019-06-29,0.16828614
2019-06-30,1.4154551
2019-07-01,1.4526975
2019-07-02,0.0
2019-07-03,4.6481214
2019-07-04,9.685117
2019-07-05,11.784648
2019-07-06,3.0747826
2019-07-07,10.061738
2019-07-08,19.88156
2019-07-09,13.543966
2019-07-10,4.5874834
2019-07-11,0.93618506
2019-07-12,13.992629
2019-07-13,6.1019125
2019-07-14,5.0333943
2019-07-15,0.35859075
2019-07-16,3.9689546
2019-07-17,3.4565618
2019-07-18,3.1518424
2019-07-19,3.8026152
2019-07-20,1.0167359
2019-07-21,0.0
2019-07-22,0.12016126
2019-07-23,10.543336
2019-07-24,9.2075405
2019-07-25,1.7195424
2019-07-26,0.70960647
2019-07-27,0.61164486
2019-07-28,0.0026483876
2019-07-29,0.0
2019-07-30,0.014951732
2019-07-31,2.0822809
2019-08-01,3.8368819
2019-08-02,15.867755
2019-08-03,16.785633
2019-08-04,3.1433182
2019-08-05,6.5490627
2019-08-06,7.167609
2019-08-07,4.0166574
2019-08-08,6.4224186
2019-08-09,0.29838437
2019-08-10,1.9101453
2019-08-11,1.2914665
2019-08-12,0.021474877
2019-08-13,2.9394825
2019-08-14,9.372481
2019-08-15,7.2398953
2019-08-16,19.876839
2019-08-17,18.91938
2019-08-18,13.930875
2019-08-19,2.742177
2019-08-20,2.716902
2019-08-21,2.912792
2019-08-22,2.6780336
2019-08-23,8.627171
2019-08-24,14.369982
2019-08-25,1.8013234
2019-08-26,0.0447644
2019-08-27,0.5956608
2019-08-28,0.06625942
2019-08-29,0.33986777
2019-08-30,0.0426027
2019-08-31,2.4767776
2019-09-01,3.7690735
2019-09-02,9.925735
2019-09-03,2.5238569
2019-09-04,8.236632
2019-09-05,25.067259
2019-09-06,17.100605
2019-09-07,0.048084002
2019-09-08,0.83911556
2019-09-09,7.4282928
2019-09-10,4.838644
2019-09-11,0.00029508836
2019-09-12,0.6170854
2019-09-13,4.2183495
2019-09-14,1.8659624
2019-09-15,0.8568708
2019-09-16,2.7161148
2019-09-17,1.9636993
2019-09-18,0.40322918
2019-09-19,0.0
2019-09-20,0.0
2019-09-21,0.0
2019-09-22,0.0
2019-09-23,0.0
2019-09-24,0.0
2019-09-25,0.0
2019-09-26,0.0
2019-09-27,0.4957412
2019-09-28,2.2097406
2019-09-29,0.059051942
2019-09-30,0.5233919
2019-10-01,0.18326779
2019-10-02,0.0
2019-10-03,0.0
2019-10-04,0.0
2019-10-05,0.7412601
2019-10-06,0.6554922
2019-10-07,0.3637394
2019-10-08,11.004385
2019-10-09,0.69530606
2019-10-10,1.9954896
2019-10-11,0.0
2019-10-12,0.38789585
2019-10-13,3.3841202
2019-10-14,28.393782
2019-10-15,1.6327409
2019-10-16,29.946814
2019-10-17,1.6401234
2019-10-18,0.0
2019-10-19,5.6225324
2019-10-20,18.152025
2019-10-21,0.00012524746
2019-10-22,1.182842
2019-10-23,0.21454671
2019-10-24,0.0017630771
2019-10-25,1.1065826
2019-10-26,0.48859647
2019-10-27,2.51571
2019-10-28,0.19768617
2019-10-29,1.1552014
2019-10-30,5.1723127
2019-10-31,3.707236
2019-11-01,5.178715
2019-11-02,0.0
2019-11-03,0.043550193
2019-11-04,0.00953722
2019-11-05,5.5125246
2019-11-06,2.1407707
2019-11-07,0.026084388
2019-11-08,14.351235
2019-11-09,5.6002154
2019-11-10,0.0
2019-11-11,0.1036777
2019-11-12,4.820668
2019-11-13,5.0582776
2019-11-14,2.175975
2019-11-15,18.678307
2019-11-16,7.46039
2019-11-17,8.214537
2019-11-18,0.20891745
2019-11-19,1.1969289
2019-11-20,0.12686779
2019-11-21,0.001018859
2019-11-22,0.3715006
2019-11-23,3.5172641
2019-11-24,9.862829
2019-11-25,0.0
2019-11-26,0.0061351485
2019-11-27,2.8107152
2019-11-28,0.5945774
2019-11-29,0.0
2019-11-30,0.048317183
2019-12-01,8.663395
2019-12-02,0.3217706
2019-12-03,0.0024533218
2019-12-04,1.260122
2019-12-05,0.0
2019-12-06,0.073128656
2019-12-07,2.3295643
2019-12-08,0.0
2019-12-09,4.837819
2019-12-10,1.5575918
2019-12-11,1.290956
2019-12-12,0.352852
2019-12-13,11.74022
2019-12-14,19.815752
2019-12-15,0.0
2019-12-16,0.0
2019-12-17,3.0589335
2019-12-18,6.802635
2019-12-19,0.0
2019-12-20,0.0
2019-12-21,3.2236333
2019-12-22,3.6361337
2019-12-23,42.504745
2019-12-24,4.8481145
2019-12-25,0.0055683856
2019-12-26,0.0
2019-12-27,0.0612254
2019-12-28,0.1692028
2019-12-29,0.5051556
2019-12-30,3.0385654
2019-12-31,0.1453685
2020-01-01,0.0031852655
2020-01-02,0.0
2020-01-03,0.11555617
2020-01-04,1.9195896
2020-01-05,0.0
2020-01-06,0.0
2020-01-07,0.022061441
2020-01-08,0.0
2020-01-09,0.0
2020-01-10,0.095372215
2020-01-11,0.43379906
2020-01-12,12.084308
2020-01-13,19.016901
2020-01-14,8.538402
2020-01-15,13.6837225
2020-01-16,6.5620794
2020-01-17,0.38573653
2020-01-18,1.1416619
2020-01-19,8.327617
2020-01-20,0.49062732
2020-01-21,0.06616314
2020-01-22,0.34915218
2020-01-23,1.8538884
2020-01-24,0.2435329
2020-01-25,9.925536
2020-01-26,0.007257888
2020-01-27,1.622564
2020-01-28,0.013585179
2020-01-29,0.00088857353
2020-01-30,0.8007271
2020-01-31,3.5497718
2020-02-01,7.5821285
2020-02-02,1.3957825
2020-02-03,0.091485664
2020-02-04,0.43470702
2020-02-05,1.2293172
2020-02-06,22.917488
2020-02-07,25.29563
2020-02-08,0.005456179
2020-02-09,0.0
2020-02-10,0.33667955
2020-02-11,5.046988
2020-02-12,0.56619054
2020-02-13,0.4558764
2020-02-14,4.3804955
2020-02-15,0.0
2020-02-16,6.488895
2020-02-17,12.3959465
2020-02-18,1.7609788
2020-02-19,5.5126567
2020-02-20,12.826703
2020-02-21,6.8618045
2020-02-22,0.0
2020-02-23,0.0
2020-02-24,1.8622919
2020-02-25,15.431616
2020-02-26,8.864283
2020-02-27,8.17579
2020-02-28,0.0
2020-02-29,0.056243446
2020-03-01,0.0
2020-03-02,0.117895715
2020-03-03,9.493151
2020-03-04,5.7888327
2020-03-05,12.540192
2020-03-06,0.6142649
2020-03-07,0.06734622
2020-03-08,0.0
2020-03-09,0.009399077
2020-03-10,3.6347291
2020-03-11,1.869427
2020-03-12,7.0000076
2020-03-13,13.0212755
2020-03-14,2.0087514
2020-03-15,3.9755464
2020-03-16,0.48253638
2020-03-17,2.040408
2020-03-18,0.1443796
2020-03-19,0.69519323
2020-03-20,0.008900763
2020-03-21,0.59764296
2020-03-22,1.9070971
2020-03-23,20.589323
2020-03-24,11.242682
2020-03-25,15.774079
2020-03-26,0.0
2020-03-27,0.0
2020-03-28,0.24822412
2020-03-29,0.35284153
2020-03-30,0.66509956
2020-03-31,7.958771
2020-04-01,6.7900157
2020-04-02,0.0
2020-04-03,0.0
2020-04-04,0.0
2020-04-05,0.004195752
2020-04-06,0.017144796
2020-04-07,0.88762945
2020-04-08,0.7548837
2020-04-09,4.3368773
2020-04-10,0.22362494
2020-04-11,0.0
2020-04-12,0.20425913
2020-04-13,39.108753
2020-04-14,0.17707057
2020-04-15,3.4845302
2020-04-16,0.16424917
2020-04-17,0.0
2020-04-18,3.58171
2020-04-19,2.2451813
2020-04-20,20.01308
2020-04-21,0.0
2020-04-22,0.017954646
2020-04-23,11.392523
2020-04-24,30.08188
2020-04-25,0.9928334
2020-04-26,2.8954954
2020-04-27,0.007157724
2020-04-28,0.0
2020-04-29,0.0011567791
2020-04-30,8.018602
2020-05-01,4.806295
2020-05-02,0.047991093
2020-05-03,0.00041807033
2020-05-04,0.51192284
2020-05-05,4.810714
2020-05-06,13.054256
2020-05-07,0.99046886
2020-05-08,3.854297
2020-05-09,4.3432875
2020-05-10,0.62100804
2020-05-11,0.09686927
2020-05-12,0.19667666
2020-05-13,0.2381237
2020-05-14,0.012140175
2020-05-15,0.19948937
2020-05-16,0.046142586
2020-05-17,1.8755149
2020-05-18,13.581951
2020-05-19,11.936487
2020-05-20,7.9923725
2020-05-21,27.70914
2020-05-22,10.485469
2020-05-23,4.276269
2020-05-24,0.4924256
2020-05-25,0.37081856
2020-05-26,1.1579388
2020-05-27,1.3641641
2020-05-28,6.3276677
2020-05-29,11.740492
2020-05-30,12.335048
2020-05-31,2.7826087
2020-06-01,0.0
2020-06-02,0.07085619
2020-06-03,0.00051449524
2020-06-04,0.12530793
2020-06-05,5.0555177
2020-06-06,4.3073487
2020-06-07,7.163076
2020-06-08,0.0131762875
2020-06-09,3.4621637
2020-06-10,0.17689937
2020-06-11,1.9721185
2020-06-12,4.3262396
2020-06-13,2.1191413
2020-06-14,4.2986755
2020-06-15,27.236385
2020-06-16,31.184374
2020-06-17,9.407878
2020-06-18,0.12964684
2020-06-19,3.94676
2020-06-20,11.5397625
2020-06-21,5.391662
2020-06-22,2.600491
2020-06-23,2.9640849
2020-06-24,0.99346334
2020-06-25,3.8660212
2020-06-26,0.28495836
2020-06-27,0.017796073
2020-06-28,0.7538652
2020-06-29,2.822315
2020-06-30,3.9641726
2020-07-01,2.9533541
2020-07-02,6.273998
2020-07-03,0.0
2020-07-04,0.5709097
2020-07-05,2.5569339
2020-07-06,1.1674021
2020-07-07,6.2774634
2020-07-08,7.156509
2020-07-09,7.2793245
2020-07-10,2.3719735
2020-07-11,0.8360458
2020-07-12,1.7233434
2020-07-13,3.6372862
2020-07-14,2.8325157
2020-07-15,1.536782
2020-07-16,0.007885333
2020-07-17,0.5515141
2020-07-18,5.270347
2020-07-19,2.1940663
2020-07-20,0.098736405
2020-07-21,1.5176885
2020-07-22,0.5150699
2020-07-23,5.5480795
2020-07-24,7.851388
2020-07-25,5.661773
2020-07-26,2.5003016
2020-07-27,0.00948874
2020-07-28,6.12657
2020-07-29,21.851696
2020-07-30,3.005412
2020-07-31,4.5930586
2020-08-01,16.429672
2020-08-02,7.130899
2020-08-03,7.708502
2020-08-04,8.875962
2020-08-05,4.7671304
2020-08-06,13.4836855
2020-08-07,8.082919
2020-08-08,14.518667
2020-08-09,7.656865
2020-08-10,5.5924635
2020-08-11,3.190403
2020-08-12,0.6563076
2020-08-13,6.9804974
2020-08-14,8.569426
2020-08-15,11.595236
2020-08-16,19.60505
2020-08-17,0.84314257
2020-08-18,1.5828425
2020-08-19,9.062979
2020-08-20,6.8031793
2020-08-21,4.684042
2020-08-22,8.1644945
2020-08-23,6.5516095
2020-08-24,8.322315
2020-08-25,2.8328583
2020-08-26,0.02348199
2020-08-27,0.029120212
2020-08-28,3.579243
2020-08-29,1.6022546
2020-08-30,3.9499786
2020-08-31,1.1063601
2020-09-01,4.000108
2020-09-02,0.87470317
2020-09-03,0.12708639
2020-09-04,0.0
2020-09-05,0.3730776
2020-09-06,2.196845
2020-09-07,3.4175904
2020-09-08,12.753386
2020-09-09,17.712849
2020-09-10,17.513182
2020-09-11,7.1700315
2020-09-12,7.890877
2020-09-13,3.1695828
2020-09-14,1.2977699
2020-09-15,0.10277954
2020-09-16,0.19817057
2020-09-17,27.88046
2020-09-18,9.45345
2020-09-19,5.0720716
2020-09-20,5.919364
2020-09-21,0.0
2020-09-22,0.0
2020-09-23,1.8730019
2020-09-24,4.3242536
2020-09-25,7.029653
2020-09-26,8.706831
2020-09-27,2.2513456
2020-09-28,14.636613
2020-09-29,7.0312853
2020-09-30,12.339152
2020-10-01,0.14040944
2020-10-02,2.671803
2020-10-03,7.8715777
2020-10-04,40.61035
2020-10-05,9.911506
2020-10-06,1.1373559
2020-10-07,0.029512633
2020-10-08,0.0
2020-10-09,1.8473951
2020-10-10,6.6384816
2020-10-11,13.465291
2020-10-12,2.5698333
2020-10-13,0.00040032918
2020-10-14,0.0
2020-10-15,0.05977959
2020-10-16,0.7879814
2020-10-17,0.7647014
2020-10-18,0.0
2020-10-19,0.21294779
2020-10-20,0.22762111
2020-10-21,3.1708643
2020-10-22,2.8987937
2020-10-23,0.6689324
2020-10-24,0.00013935808
2020-10-25,17.669485
2020-10-26,1.3246328
2020-10-27,0.0
2020-10-28,0.6267478
2020-10-29,19.294939
2020-10-30,1.4273013
2020-10-31,0.48468283
2020-11-01,4.5958447
2020-11-02,0.07477379
2020-11-03,0.01866651
2020-11-04,0.0
2020-11-05,0.0
2020-11-06,0.59200704
2020-11-07,0.18845505
2020-11-08,0.0
2020-11-09,1.3700622
2020-11-10,0.0
2020-11-11,3.082032
2020-11-12,40.60359
2020-11-13,16.694246
2020-11-14,0.15716253
2020-11-15,0.0
2020-11-16,0.06562512
2020-11-17,0.0
2020-11-18,2.2730886e-05
2020-11-19,0.0
2020-11-20,0.0
2020-11-21,0.0
2020-11-22,0.01454125
2020-11-23,12.120109
2020-11-24,0.017946763
2020-11-25,1.0154835
2020-11-26,8.324942
2020-11-27,1.2205709
2020-11-28,12.17837
2020-11-29,1.4237949
2020-11-30,26.08368
2020-12-01,0.025003608
2020-12-02,0.0
2020-12-03,0.0
2020-12-04,1.5197014
2020-12-05,10.893183
2020-12-06,0.0022135095
2020-12-07,16.030611
2020-12-08,0.26670104
2020-12-09,1.8414991
2020-12-10,0.0
2020-12-11,0.0012087655
2020-12-12,0.27880678
2020-12-13,2.6148176
2020-12-14,4.301416
2020-12-15,0.29619467
2020-12-16,14.439203
2020-12-17,7.5214376
2020-12-18,0.0
2020-12-19,0.0
2020-12-20,6.070379
2020-12-21,5.72158
2020-12-22,0.0
2020-12-23,0.00087270513
2020-12-24,11.4180155
2020-12-25,48.793465
2020-12-26,0.013598343
2020-12-27,0.0
2020-12-28,0.2309858
2020-12-29,0.0
2020-12-30,0.000714457
2020-12-31,0.94467914
2021-01-01,12.575491
2021-01-02,22.890432
2021-01-03,18.73104
2021-01-04,0.068767495
2021-01-05,0.2049353
2021-01-06,0.005481519
2021-01-07,0.5918459
2021-01-08,5.60728
2021-01-09,2.1938767
2021-01-10,0.0
2021-01-11,0.205023
2021-01-12,0.16991276
2021-01-13,0.0
2021-01-14,8.216226
2021-01-15,0.0
2021-01-16,0.32073745
2021-01-17,0.0012211867
2021-01-18,0.20826802
2021-01-19,0.0
2021-01-20,1.7758489
2021-01-21,1.8478633
2021-01-22,9.097968
2021-01-23,0.0
2021-01-24,0.0
2021-01-25,3.69021
2021-01-26,19.72919
2021-01-27,6.1708426
2021-01-28,0.42395502
2021-01-29,0.0
2021-01-30,0.02953258
2021-01-31,5.265386
2021-02-01,10.510778
2021-02-02,0.123602346
2021-02-03,0.104141206
2021-02-04,0.009070596
2021-02-05,23.759874
2021-02-06,7.614101
2021-02-07,7.936702
2021-02-08,0.012717104
2021-02-09,8.938441
2021-02-10,0.041395854
2021-02-11,0.5967918
2021-02-12,9.315307
2021-02-13,16.119137
2021-02-14,12.699953
2021-02-15,7.434669
2021-02-16,13.770632
2021-02-17,0.00035441006
2021-02-18,12.950877
2021-02-19,17.507643
2021-02-20,4.01941
2021-02-21,0.0
2021-02-22,2.2410283
2021-02-23,0.35199293
2021-02-24,0.19410701
2021-02-25,0.0
2021-02-26,1.4306961
2021-02-27,0.67396873
2021-02-28,1.5218447
2021-03-01,2.918693
2021-03-02,10.219396
2021-03-03,18.209286
2021-03-04,0.0
2021-03-05,0.0
2021-03-06,2.1645622
2021-03-07,0.6937634
2021-03-08,0.0
2021-03-09,0.0
2021-03-10,0.11877368
2021-03-11,0.0
2021-03-12,0.060788266
2021-03-13,2.8098955
2021-03-14,0.25141463
2021-03-15,1.3578242
2021-03-16,9.743742
2021-03-17,7.3887243
2021-03-18,5.394114
2021-03-19,4.734849
2021-03-20,4.9804952e-05
2021-03-21,2.1672142
2021-03-22,3.972304
2021-03-23,0.3363985
2021-03-24,2.3696744
2021-03-25,1.058071
2021-03-26,11.516783
2021-03-27,2.4823332
2021-03-28,11.63678
2021-03-29,2.3286552
2021-03-30,0.05390401
2021-03-31,0.94409835
2021-04-01,22.669777
2021-04-02,0.0
2021-04-03,0.0
2021-04-04,0.0
2021-04-05,0.0
2021-04-06,0.0
2021-04-07,0.0
2021-04-08,0.0
2021-04-09,2.662995
2021-04-10,10.9081545
2021-04-11,5.2386374
2021-04-12,1.4410843
2021-04-13,0.0
2021-04-14,0.0
2021-04-15,6.6829286
2021-04-16,0.0
2021-04-17,0.03710748
2021-04-18,0.70073384
2021-04-19,0.06179792
2021-04-20,0.0022739104
2021-04-21,0.030192891
2021-04-22,0.0
2021-04-23,0.0
2021-04-24,6.961975
2021-04-25,21.301933
2021-04-26,0.0053857216
2021-04-27,0.0
2021-04-28,0.5214659
2021-04-29,0.0133469
2021-04-30,0.605677
2021-05-01,0.14477372
2021-05-02,0.1350477
2021-05-03,7.100876
2021-05-04,4.144628
2021-05-05,6.0825696
2021-05-06,1.1244482
2021-05-07,1.9629369
2021-05-08,0.019721575
2021-05-09,0.13061999
2021-05-10,8.311408
2021-05-11,4.695127
2021-05-12,13.807932
2021-05-13,3.8874643
2021-05-14,0.00016224626
2021-05-15,0.07635711
2021-05-16,0.044457614
2021-05-17,0.046018854
2021-05-18,0.011184214
2021-05-19,0.018902395
2021-05-20,0.0996525
2021-05-21,0.0
2021-05-22,0.48173887
2021-05-23,1.3249487
2021-05-24,0.954883
2021-05-25,0.6122235
2021-05-26,0.0004581765
2021-05-27,0.49730748
2021-05-28,0.0038489087
2021-05-29,1.4626353
2021-05-30,9.857799
2021-05-31,1.1838394
2021-06-01,0.027796175
2021-06-02,3.2352915
2021-06-03,28.335644
2021-06-04,24.589552
2021-06-05,4.4563055
2021-06-06,0.8060488
2021-06-07,2.456671
2021-06-08,0.70968175
2021-06-09,3.2278428
2021-06-10,20.936268
2021-06-11,9.390745
2021-06-12,8.055815
2021-06-13,1.4267548
2021-06-14,5.3266153
2021-06-15,4.932819
2021-06-16,3.1402144
2021-06-17,1.518853
2021-06-18,0.0
2021-06-19,0.27407184
2021-06-20,10.277468
2021-06-21,10.665805
2021-06-22,2.8417358
2021-06-23,11.8308115
2021-06-24,4.237599
2021-06-25,3.3489661
2021-06-26,0.29472244
2021-06-27,0.0
2021-06-28,0.33325523
2021-06-29,0.25636226
2021-06-30,0.08289828
2021-07-01,1.0099412
2021-07-02,16.145435
2021-07-03,11.583481
2021-07-04,0.0
2021-07-05,0.0056490987
2021-07-06,1.0170407
2021-07-07,1.3257098
2021-07-08,28.395502
2021-07-09,9.447743
2021-07-10,7.26022
2021-07-11,5.250893
2021-07-12,0.90891343
2021-07-13,0.45544755
2021-07-14,0.3441231
2021-07-15,1.2210602
2021-07-16,1.983823
2021-07-17,1.270937
2021-07-18,5.566993
2021-07-19,13.843367
2021-07-20,8.6195545
2021-07-21,3.3476944
2021-07-22,0.33402747
2021-07-23,0.12087324
2021-07-24,0.045917373
2021-07-25,0.012989232
2021-07-26,1.2099799
2021-07-27,16.158192
2021-07-28,10.003539
2021-07-29,4.3218527
2021-07-30,0.49999344
2021-07-31,2.429658
2021-08-01,15.869577
2021-08-02,10.535319
2021-08-03,17.511267
2021-08-04,27.30999
2021-08-05,9.534133
2021-08-06,6.1453843
2021-08-07,15.420885
2021-08-08,6.212327
2021-08-09,0.3756769
2021-08-10,0.6014201
2021-08-11,1.6967473
2021-08-12,0.386049
2021-08-13,0.15197092
2021-08-14,3.3371272
2021-08-15,16.517054
2021-08-16,8.678409
2021-08-17,3.9330492
2021-08-18,7.5666213
2021-08-19,1.3558925
2021-08-20,8.768396
2021-08-21,8.407432
2021-08-22,6.287881
2021-08-23,5.10013
2021-08-24,3.5968544
2021-08-25,2.3958826
2021-08-26,0.8430081
2021-08-27,0.016590327
2021-08-28,0.076659665
2021-08-29,2.9351053
2021-08-30,0.26214844
2021-08-31,3.7932868
2021-09-01,1.9638917
2021-09-02,4.1939387
2021-09-03,0.13336563
2021-09-04,0.013922343
2021-09-05,0.01439601
2021-09-06,0.0116422875
2021-09-07,0.77373767
2021-09-08,5.1743197
2021-09-09,20.36939
2021-09-10,3.0962405
2021-09-11,1.8207943
2021-09-12,0.009845492
2021-09-13,0.0
2021-09-14,0.0
2021-09-15,0.26225272
2021-09-16,7.3738565
2021-09-17,1.4961139
2021-09-18,2.3155444
2021-09-19,0.0
2021-09-20,2.5004952
2021-09-21,13.129441
2021-09-22,18.33572
2021-09-23,22.117836
2021-09-24,4.738283
2021-09-25,0.011098663
2021-09-26,0.0
2021-09-27,0.0005442405
2021-09-28,0.0
2021-09-29,0.11119903
2021-09-30,0.0007366949
2021-10-01,0.0008444631
2021-10-02,0.0
2021-10-03,0.0042611333
2021-10-04,2.36525
2021-10-05,2.592109
2021-10-06,3.4792378
2021-10-07,16.082281
2021-10-08,4.854966
2021-10-09,32.522533
2021-10-10,9.069791
2021-10-11,2.5125248
2021-10-12,0.0
2021-10-13,0.051677123
2021-10-14,0.07138441
2021-10-15,0.1439735
2021-10-16,0.0
2021-10-17,0.1677417
2021-10-18,0.0
2021-10-19,0.0
2021-10-20,0.2502696
2021-10-21,1.4699279
2021-10-22,3.9421418
2021-10-23,1.4391854
2021-10-24,0.036887877
2021-10-25,17.48233
2021-10-26,5.326091
2021-10-27,0.0
2021-10-28,2.7449694
2021-10-29,5.3551116
2021-10-30,0.29585558
2021-10-31,1.2515073
2021-11-01,0.0
2021-11-02,0.0
2021-11-03,0.0
2021-11-04,4.318921
2021-11-05,8.343007
2021-11-06,13.147916
2021-11-07,5.2934613
2021-11-08,2.8776886
2021-11-09,0.0
2021-11-10,0.17799447
2021-11-11,0.18506044
2021-11-12,12.659165
2021-11-13,1.2819779
2021-11-14,0.14091794
2021-11-15,0.09300246
2021-11-16,0.0
2021-11-17,0.0
2021-11-18,0.040753976
2021-11-19,2.1885576
2021-11-20,0.0
2021-11-21,0.018974239
2021-11-22,8.692922
2021-11-23,3.4089522
2021-11-24,0.0
2021-11-25,0.0
2021-11-26,3.2942288
2021-11-27,0.0
2021-11-28,0.17318127
2021-11-29,0.71639925
2021-11-30,0.0
2021-12-01,0.0
2021-12-02,3.424452
2021-12-03,0.084887266
2021-12-04,0.24036224
2021-12-05,0.8707651
2021-12-06,4.494108
2021-12-07,8.9214735
2021-12-08,21.628841
2021-12-09,1.4845767
2021-12-10,0.57280606
2021-12-11,0.22225787
2021-12-12,5.470206
2021-12-13,0.0
2021-12-14,0.0
2021-12-15,0.0
2021-12-16,0.0
2021-12-17,0.0
2021-12-18,0.05779277
2021-12-19,7.5574775
2021-12-20,1.8487021
2021-12-21,6.610512
2021-12-22,4.6248546
2021-12-23,0.0
2021-12-24,0.12054707
2021-12-25,0.66702855
2021-12-26,0.0
2021-12-27,0.0
2021-12-28,0.026075052
2021-12-29,0.0014093972
2021-12-30,3.0892706
2021-12-31,1.9022863
2022-01-01,3.6992497
2022-01-02,0.65449846
2022-01-03,25.090221
2022-01-04,0.0
2022-01-05,0.13191155
2022-01-06,0.80366975
2022-01-07,0.16048308
2022-01-08,0.0
2022-01-09,0.0006792673
2022-01-10,1.9615448
2022-01-11,0.0
2022-01-12,0.0
2022-01-13,2.0729065
2022-01-14,8.177318
2022-01-15,0.14453873
2022-01-16,32.293484
2022-01-17,4.748419
2022-01-18,0.0
2022-01-19,0.0
2022-01-20,1.8574636
2022-01-21,19.436993
2022-01-22,5.44057
2022-01-23,0.011473218
2022-01-24,0.038878918
2022-01-25,8.172065
2022-01-26,0.5441744
2022-01-27,0.0023023342
2022-01-28,10.278611
2022-01-29,11.709116
2022-01-30,0.00013987462
2022-01-31,0.17762783
2022-02-01,0.044248722
2022-02-02,0.0
2022-02-03,1.1814554
2022-02-04,1.1125553
2022-02-05,7.1808443
2022-02-06,0.19354203
2022-02-07,3.655204
2022-02-08,11.528794
2022-02-09,4.2900357
2022-02-10,0.0
2022-02-11,0.030599486
2022-02-12,2.5717618
2022-02-13,17.622965
2022-02-14,0.07181338
2022-02-15,0.0
2022-02-16,0.0
2022-02-17,0.20376751
2022-02-18,7.548567
2022-02-19,0.0866603
2022-02-20,0.0
2022-02-21,0.0
2022-02-22,0.44236365
2022-02-23,1.1112763
2022-02-24,0.27358916
2022-02-25,0.08374829
2022-02-26,0.47142333
2022-02-27,1.6674687
2022-02-28,0.9734432
2022-03-01,1.6579379
2022-03-02,0.0
2022-03-03,0.0
2022-03-04,0.0
2022-03-05,0.06930248
2022-03-06,0.00064214325
2022-03-07,0.011485164
2022-03-08,0.38985312
2022-03-09,1.714911
2022-03-10,10.763165
2022-03-11,2.768169
2022-03-12,8.542342
2022-03-13,0.084706016
2022-03-14,0.0
2022-03-15,0.0018695588
2022-03-16,7.0679884
2022-03-17,5.448196
2022-03-18,0.52455544
2022-03-19,1.6323842
2022-03-20,9.084395
2022-03-21,0.0
2022-03-22,0.2869444
2022-03-23,8.708119
2022-03-24,34.08936
2022-03-25,13.236356
2022-03-26,0.0
2022-03-27,0.000109406465
2022-03-28,0.0
2022-03-29,0.0
2022-03-30,0.09290002
2022-03-31,6.251472
2022-04-01,6.9135737
2022-04-02,0.0023900776
2022-04-03,1.2196412
2022-04-04,0.0
2022-04-05,2.284688
2022-04-06,11.6865835
2022-04-07,12.088784
2022-04-08,1.6556593
2022-04-09,0.0
2022-04-10,0.0
2022-04-11,0.00020759301
2022-04-12,1.0426861
2022-04-13,0.10118557
2022-04-14,3.223559
2022-04-15,5.280993
2022-04-16,6.03132
2022-04-17,8.633673
2022-04-18,23.702986
2022-04-19,1.2264172
2022-04-20,0.0
2022-04-21,0.0
2022-04-22,0.0
2022-04-23,0.0
2022-04-24,0.0
2022-04-25,0.0
2022-04-26,0.12717478
2022-04-27,0.1994641
2022-04-28,0.0
2022-04-29,0.0
2022-04-30,0.0
2022-05-01,1.1291939
2022-05-02,9.550178
2022-05-03,1.3767378
2022-05-04,3.6394322
2022-05-05,9.87657
2022-05-06,3.5244424
2022-05-07,9.943711
2022-05-08,1.8296883
2022-05-09,0.08562007
2022-05-10,0.10397912
2022-05-11,1.2849997
2022-05-12,2.211585
2022-05-13,8.745362
2022-05-14,15.374124
2022-05-15,0.7017459
2022-05-16,2.0725112
2022-05-17,9.682984
2022-05-18,0.0
2022-05-19,0.088939056
2022-05-20,2.9985826
2022-05-21,4.0364094
2022-05-22,8.879862
2022-05-23,3.6099205
2022-05-24,7.4396586
2022-05-25,1.4984348
2022-05-26,0.00011761689
2022-05-27,5.6919904
2022-05-28,6.9211173
2022-05-29,0.08257534
2022-05-30,0.00043793258
2022-05-31,0.0
2022-06-01,0.0
2022-06-02,0.2124144
2022-06-03,2.9131014
2022-06-04,9.080385
2022-06-05,0.34813827
2022-06-06,0.084685884
2022-06-07,0.44659612
2022-06-08,3.4521194
2022-06-09,4.8766155
2022-06-10,5.6914444
2022-06-11,0.831354
2022-06-12,8.184262
2022-06-13,3.6281736
2022-06-14,5.9229054
2022-06-15,0.022659928
2022-06-16,8.717089
2022-06-17,8.5167055
2022-06-18,7.2284627
2022-06-19,0.0
2022-06-20,0.12409582
2022-06-21,0.81733954
2022-06-22,1.5997196
2022-06-23,4.513493
2022-06-24,0.030336017
2022-06-25,0.0
2022-06-26,0.0
2022-06-27,2.073686
2022-06-28,2.6163647
2022-06-29,2.8333535
2022-06-30,1.5119383
2022-07-01,7.1276507
2022-07-02,2.91355
2022-07-03,4.588079
2022-07-04,9.886821
2022-07-05,0.9984707
2022-07-06,2.4967506
2022-07-07,13.99295
2022-07-08,15.649429
2022-07-09,14.1219
2022-07-10,8.683635
2022-07-11,3.0900085
2022-07-12,0.29878232
2022-07-13,2.837493
2022-07-14,7.3512726
2022-07-15,13.597854
2022-07-16,7.06437
2022-07-17,3.1940906
2022-07-18,5.293979
2022-07-19,2.0349617
2022-07-20,2.1123729
2022-07-21,2.0892959
2022-07-22,7.670348
2022-07-23,3.6171324
2022-07-24,1.2644383
2022-07-25,3.1679988
2022-07-26,13.159039
2022-07-27,9.0062475
2022-07-28,2.945199
2022-07-29,1.1861384
2022-07-30,10.81874
2022-07-31,16.109907
2022-08-01,11.293886
2022-08-02,2.2552414
2022-08-03,1.5936297
2022-08-04,1.4314761
2022-08-05,1.1354802
2022-08-06,2.726376
2022-08-07,0.27309886
2022-08-08,0.16112953
2022-08-09,0.52832395
2022-08-10,1.7348789
2022-08-11,5.715837
2022-08-12,18.621206
2022-08-13,1.059004
2022-08-14,0.12859498
2022-08-15,2.143617
2022-08-16,5.2630467
2022-08-17,1.58651
2022-08-18,0.12508672
2022-08-19,5.447429
2022-08-20,3.9059722
2022-08-21,9.279619
2022-08-22,15.0849
2022-08-23,16.470934
2022-08-24,4.1859984
2022-08-25,0.5933494
2022-08-26,3.5923865
2022-08-27,1.7768263
2022-08-28,3.6495767
2022-08-29,6.216121
2022-08-30,1.4579806
2022-08-31,1.297551
2022-09-01,0.47192064
2022-09-02,0.1693061
2022-09-03,0.35723764
2022-09-04,0.020899074
2022-09-05,3.6395924
2022-09-06,7.3624525
2022-09-07,5.6790094
2022-09-08,4.332717
2022-09-09,0.23052868
2022-09-10,6.670631
2022-09-11,9.276134
2022-09-12,3.1576738
2022-09-13,4.150812
2022-09-14,2.096874
2022-09-15,8.321877
2022-09-16,0.017905748
2022-09-17,0.7396233
2022-09-18,0.25760472
2022-09-19,0.15370776
2022-09-20,0.033752788
2022-09-21,0.0
2022-09-22,0.10964976
2022-09-23,1.4275551
2022-09-24,0.0
2022-09-25,0.003407787
2022-09-26,0.021448005
2022-09-27,3.7622607
2022-09-28,8.176425
2022-09-29,19.564365
2022-09-30,34.42639
2022-10-01,5.5899973
2022-10-02,1.927775
2022-10-03,0.070704944
2022-10-04,0.0
2022-10-05,0.0029525305
2022-10-06,0.00033882764
2022-10-07,0.0
2022-10-08,1.8748604
2022-10-09,0.33574352
2022-10-10,0.14322847
2022-10-11,0.01300565
2022-10-12,0.26251155
2022-10-13,21.845661
2022-10-14,0.8109539
2022-10-15,0.0
2022-10-16,0.8629145
2022-10-17,7.220944
2022-10-18,2.24048
2022-10-19,0.5456244
2022-10-20,0.0
2022-10-21,0.013512013
2022-10-22,5.724963
2022-10-23,14.884639
2022-10-24,0.75679487
2022-10-25,0.83011353
2022-10-26,0.20723559
2022-10-27,0.003970533
2022-10-28,0.13392633
2022-10-29,1.540751
2022-10-30,0.44820812
2022-10-31,0.96854514
2022-11-01,4.0724406
2022-11-02,0.053981435
2022-11-03,2.278675
2022-11-04,0.020673556
2022-11-05,0.0
2022-11-06,0.08412008
2022-11-07,0.0
2022-11-08,0.0
2022-11-09,0.0
2022-11-10,0.06069682
2022-11-11,1.8150777
2022-11-12,0.69399935
2022-11-13,0.13623896
2022-11-14,0.007549679
2022-11-15,0.3985267
2022-11-16,1.0015409
2022-11-17,1.2801659
2022-11-18,0.02349115
2022-11-19,0.045060657
2022-11-20,28.314312
2022-11-21,8.491702
2022-11-22,0.0
2022-11-23,1.9420193
2022-11-24,0.0
2022-11-25,19.369265
2022-11-26,0.11880493
2022-11-27,11.111879
2022-11-28,0.007975168
2022-11-29,0.0
2022-11-30,5.7315726
2022-12-01,0.119936384
2022-12-02,0.00014474435
2022-12-03,4.853609
2022-12-04,5.694602
2022-12-05,0.55599177
2022-12-06,5.350069
2022-12-07,0.8321513
2022-12-08,0.7953425
2022-12-09,0.070708886
2022-12-10,0.004391584
2022-12-11,0.72562677
2022-12-12,2.0036173
2022-12-13,0.0
2022-12-14,3.641473
2022-12-15,22.156618
2022-12-16,0.3442994
2022-12-17,0.1542322
2022-12-18,1.0143704
2022-12-19,0.017658329
2022-12-20,2.0199883
2022-12-21,4.3316293
2022-12-22,22.972517
2022-12-23,0.6696196
2022-12-24,0.00041171777
2022-12-25,0.070735216
2022-12-26,0.04170449
2022-12-27,0.38966903
2022-12-28,0.0007054908
2022-12-29,0.0
2022-12-30,0.0
2022-12-31,4.5893803
2023-01-01,2.8684027
2023-01-02,0.0
2023-01-03,0.35414216
2023-01-04,8.089753
2023-01-05,6.581486
2023-01-06,0.001977729
2023-01-07,0.14976923
2023-01-08,0.042597435
2023-01-09,8.990824
2023-01-10,0.04992402
2023-01-11,0.58908474
2023-01-12,0.1511947
2023-01-13,20.429506
2023-01-14,5.266388
2023-01-15,2.1469576
2023-01-16,0.008225979
2023-01-17,0.8370585
2023-01-18,0.01429054
2023-01-19,1.5183127
2023-01-20,0.16136906
2023-01-21,0.92849046
2023-01-22,27.178732
2023-01-23,10.129907
2023-01-24,0.0
2023-01-25,10.906956
2023-01-26,8.054659
2023-01-27,0.0
2023-01-28,0.020447485
2023-01-29,0.23032731
2023-01-30,4.9285827
2023-01-31,0.07720433
2023-02-01,1.130572
2023-02-02,1.1330335
2023-02-03,5.5514746
2023-02-04,0.0
2023-02-05,3.5820374
2023-02-06,7.062991
2023-02-07,0.0008870397
2023-02-08,0.022334209
2023-02-09,0.14107886
2023-02-10,0.93088984
2023-02-11,6.6194124
2023-02-12,24.708294
2023-02-13,0.059393752
2023-02-14,0.0
2023-02-15,0.0030136302
2023-02-16,0.3798028
2023-02-17,7.391905
2023-02-18,1.5441943
2023-02-19,0.7822395
2023-02-20,8.440927
2023-02-21,14.536744
2023-02-22,0.1718573
2023-02-23,0.61133665
2023-02-24,0.0015194603
2023-02-25,2.720488
2023-02-26,1.5138749
2023-02-27,0.28361383
2023-02-28,0.057908323
2023-03-01,0.003562064
2023-03-02,7.4458175
2023-03-03,0.36659163
2023-03-04,0.5071585
2023-03-05,0.0
2023-03-06,0.12576051
2023-03-07,0.0
2023-03-08,0.0
2023-03-09,0.002024252
2023-03-10,9.477391
2023-03-11,1.1656555
2023-03-12,3.5820339
2023-03-13,2.6957905
2023-03-14,0.0
2023-03-15,0.0
2023-03-16,0.00033516335
2023-03-17,0.6510408
2023-03-18,5.4106116
2023-03-19,1.6999881
2023-03-20,0.6855687
2023-03-21,0.0
2023-03-22,1.9381719
2023-03-23,0.29008108
2023-03-24,0.0021049308
2023-03-25,1.0985879
2023-03-26,8.731085
2023-03-27,26.057432
2023-03-28,6.8250957
2023-03-29,4.231886
2023-03-30,0.0
2023-03-31,1.5256387
2023-04-01,14.96852
2023-04-02,0.06970774
2023-04-03,2.793705
2023-04-04,1.032739
2023-04-05,0.08639986
2023-04-06,0.20919876
2023-04-07,4.897865
2023-04-08,14.489269
2023-04-09,12.525974
2023-04-10,0.0
2023-04-11,0.0
2023-04-12,0.0
2023-04-13,0.0
2023-04-14,13.020956
2023-04-15,5.557725
2023-04-16,0.40077835
2023-04-17,2.3624809
2023-04-18,0.16509786
2023-04-19,0.0
2023-04-20,0.0
2023-04-21,0.0
2023-04-22,7.126235
2023-04-23,10.206146
2023-04-24,0.44765562
2023-04-25,0.80436015
2023-04-26,2.1762786
2023-04-27,1.7187794
2023-04-28,24.745426
2023-04-29,1.7575117
2023-04-30,24.976465
2023-05-01,0.2057987
2023-05-02,0.0003405024
2023-05-03,0.25208673
2023-05-04,0.009335104
2023-05-05,0.016331771
2023-05-06,0.0001827722
2023-05-07,0.12322962
2023-05-08,2.2080507
2023-05-09,0.58966595
2023-05-10,1.7749006
2023-05-11,0.0070831375
2023-05-12,0.0013920468
2023-05-13,0.27967304
2023-05-14,2.5756524
2023-05-15,0.9068368
2023-05-16,0.11822668
2023-05-17,8.427152
2023-05-18,1.8774121
2023-05-19,12.06044
2023-05-20,3.7564266
2023-05-21,3.1883438
2023-05-22,1.4006411
2023-05-23,0.9022041
2023-05-24,2.8932097
2023-05-25,4.675123
2023-05-26,17.759752
2023-05-27,19.972874
2023-05-28,4.5941916
2023-05-29,1.1603419
2023-05-30,3.7188745
2023-05-31,0.18548961
2023-06-01,0.48231536
2023-06-02,0.114485666
2023-06-03,1.2301341
2023-06-04,6.388785
2023-06-05,1.3546631
2023-06-06,0.36671674
2023-06-07,3.390465
2023-06-08,3.7859147
2023-06-09,0.015073563
2023-06-10,0.0
2023-06-11,0.018951012
2023-06-12,7.280894
2023-06-13,3.750879
2023-06-14,1.2274239
2023-06-15,2.0808263
2023-06-16,2.2647986
2023-06-17,1.3481483
2023-06-18,0.0
2023-06-19,2.3272178
2023-06-20,10.690979
2023-06-21,9.335765
2023-06-22,12.014177
2023-06-23,8.751105
2023-06-24,6.3276286
2023-06-25,0.842314
2023-06-26,0.21073453
2023-06-27,14.3294735
2023-06-28,3.7033033
2023-06-29,0.07280077
2023-06-30,0.00034102116
2023-07-01,1.5589498
2023-07-02,7.8738923
2023-07-03,5.7334714
2023-07-04,5.7283616
2023-07-05,17.434814
2023-07-06,17.63935
2023-07-07,3.019132
2023-07-08,13.307174
2023-07-09,12.42078
2023-07-10,4.627701
2023-07-11,2.5093048
2023-07-12,0.062686205
2023-07-13,0.21287052
2023-07-14,16.096836
2023-07-15,6.961418
2023-07-16,4.842697
2023-07-17,1.596472
2023-07-18,4.522504
2023-07-19,5.8760347
2023-07-20,6.7591534
2023-07-21,3.6856656
2023-07-22,1.9073422
2023-07-23,0.554389
2023-07-24,4.934454
2023-07-25,0.3794623
2023-07-26,0.27420872
2023-07-27,0.46522763
2023-07-28,2.3971603
2023-07-29,3.0522914
2023-07-30,7.4935575
2023-07-31,3.6099544
2023-08-01,0.637985
2023-08-02,0.021672934
2023-08-03,0.3012849
2023-08-04,6.9467072
2023-08-05,6.413709
2023-08-06,0.1302561
2023-08-07,0.021102492
2023-08-08,14.717599
2023-08-09,4.5446377
2023-08-10,11.966945
2023-08-11,2.5198658
2023-08-12,2.0419686
2023-08-13,1.1593424
2023-08-14,4.374767
2023-08-15,12.240333
2023-08-16,11.407055
2023-08-17,11.298538
2023-08-18,6.6023
2023-08-19,0.09769345
2023-08-20,0.9593068
2023-08-21,0.12267478
2023-08-22,0.47772264
2023-08-23,0.048992056
2023-08-24,0.0019636536
2023-08-25,0.017059334
2023-08-26,0.30905002
2023-08-27,7.334844
2023-08-28,13.281341
2023-08-29,3.0940769
2023-08-30,7.46446
2023-08-31,33.970753
2023-09-01,0.045218635
2023-09-02,0.0350969
2023-09-03,0.006601886
2023-09-04,0.028061295
2023-09-05,0.032710295
2023-09-06,0.33662122
2023-09-07,0.37701768
2023-09-08,2.8286133
2023-09-09,9.275879
2023-09-10,7.331795
2023-09-11,0.03151368
2023-09-12,0.46020013
2023-09-13,9.574404
2023-09-14,1.5814377
2023-09-15,0.041486405
2023-09-16,0.0
2023-09-17,5.6312423
2023-09-18,17.206581
2023-09-19,0.011629591
2023-09-20,0.8937458
2023-09-21,12.015301
2023-09-22,37.36329
2023-09-23,15.431182
2023-09-24,0.2023253
2023-09-25,0.06873628
2023-09-26,0.11326138
2023-09-27,14.752717
2023-09-28,7.0375667
2023-09-29,3.866509
2023-09-30,0.0011190678
2023-10-01,0.0
2023-10-02,0.0
2023-10-03,0.0
2023-10-04,0.0
2023-10-05,0.44540113
2023-10-06,2.2531998
2023-10-07,0.31063738
2023-10-08,0.0
2023-10-09,0.0
2023-10-10,0.008043593
2023-10-11,14.303771
2023-10-12,35.273205
2023-10-13,0.0
2023-10-14,3.7783768
2023-10-15,0.057147205
2023-10-16,0.0
2023-10-17,0.43027163
2023-10-18,0.0
2023-10-19,2.3514487e-05
2023-10-20,8.537131
2023-10-21,3.0132136
2023-10-22,0.0006152634
2023-10-23,0.0
2023-10-24,0.0
2023-10-25,0.0
2023-10-26,0.0
2023-10-27,0.06389303
2023-10-28,0.0
2023-10-29,0.0
2023-10-30,0.0
2023-10-31,0.118375756
2023-11-01,0.0
2023-11-02,0.0
2023-11-03,0.0
2023-11-04,3.45404
2023-11-05,0.6094534
2023-11-06,0.017672358
2023-11-07,0.082354814
2023-11-08,0.0
2023-11-09,0.20262168
2023-11-10,0.57230014
2023-11-11,5.5570865
2023-11-12,6.795007
2023-11-13,0.03652595
2023-11-14,0.16169076
2023-11-15,1.3492532
2023-11-16,4.4336734
2023-11-17,0.67159283
2023-11-18,4.5864806
2023-11-19,0.0
2023-11-20,0.0
2023-11-21,14.136358
2023-11-22,23.297522
2023-11-23,0.01956441
2023-11-24,5.9966736
2023-11-25,0.06387838
2023-11-26,5.9142947
2023-11-27,9.202537
2023-11-28,1.3408942
2023-11-29,0.0
2023-11-30,0.22181186
2023-12-01,0.45451242
2023-12-02,19.682617
2023-12-03,17.282955
2023-12-04,2.8548617
2023-12-05,0.0
2023-12-06,0.0
2023-12-07,0.0
2023-12-08,0.0010363733
2023-12-09,0.020143637
2023-12-10,1.3136255
2023-12-11,23.720745
2023-12-12,0.0
2023-12-13,0.6001498
2023-12-14,0.0
2023-12-15,0.0
2023-12-16,0.0
2023-12-17,40.001335
2023-12-18,18.64913
2023-12-19,0.0
2023-12-20,0.0
2023-12-21,0.0
2023-12-22,0.0
2023-12-23,0.0
2023-12-24,0.0
2023-12-25,0.10377259
2023-12-26,10.752723
2023-12-27,51.712044
2023-12-28,0.4343587
2023-12-29,0.0
2023-12-30,0.0
2023-12-31,0.0
2024-01-01,0.00043318004
2024-01-02,0.0317431
2024-01-03,0.6284161
2024-01-04,7.523946
2024-01-05,0.0
2024-01-06,10.871642
2024-01-07,0.0014440418
2024-01-08,0.86196405
2024-01-09,39.800537
2024-01-10,20.931643
2024-01-11,0.14680202
2024-01-12,0.71206445
2024-01-13,13.897128
2024-01-14,0.58839667
2024-01-15,0.12567632
2024-01-16,9.3818865
2024-01-17,0.33687127
2024-01-18,0.0
2024-01-19,0.6354935
2024-01-20,0.0
2024-01-21,0.0
2024-01-22,0.0
2024-01-23,2.4474096
2024-01-24,0.54882944
2024-01-25,0.69592994
2024-01-26,0.08355654
2024-01-27,0.020566791
2024-01-28,6.6353803
2024-01-29,0.0
2024-01-30,0.0
2024-01-31,2.2856736
2024-02-01,0.030152926
2024-02-02,0.049342666
2024-02-03,0.0
2024-02-04,0.0
2024-02-05,1.0798672
2024-02-06,0.07159333
2024-02-07,0.0
2024-02-08,0.0
2024-02-09,14.723612
2024-02-10,0.023737712
2024-02-11,0.34729555
2024-02-12,19.894445
2024-02-13,12.988048
2024-02-14,0.0
2024-02-15,0.0
2024-02-16,0.2754179
2024-02-17,0.53746206
2024-02-18,5.4118633
2024-02-19,8.234177
2024-02-20,0.07574625
2024-02-21,0.00025366465
2024-02-22,0.0
2024-02-23,4.447311
2024-02-24,0.15847677
2024-02-25,0.001277825
2024-02-26,0.0
2024-02-27,2.3277605
2024-02-28,12.155796
2024-02-29,1.0081302
2024-03-01,0.7668857
2024-03-02,21.626509
2024-03-03,3.7889872
2024-03-04,19.108875
2024-03-05,3.5376103
2024-03-06,24.39931
2024-03-07,8.341159
2024-03-08,0.08419624
2024-03-09,21.480364
2024-03-10,7.2558703
2024-03-11,0.0
2024-03-12,0.0
2024-03-13,0.0
2024-03-14,0.0
2024-03-15,1.2913281
2024-03-16,0.7003036
2024-03-17,0.048328754
2024-03-18,0.26356575
2024-03-19,0.0
2024-03-20,0.0
2024-03-21,0.0
2024-03-22,4.5604386
2024-03-23,52.266117
2024-03-24,8.08885
2024-03-25,0.0
2024-03-26,0.0
2024-03-27,14.032648
2024-03-28,19.93205
2024-03-29,0.34488523
2024-03-30,0.0
2024-03-31,0.05490899
2024-04-01,0.19212022
2024-04-02,1.0377047
2024-04-03,17.555672
2024-04-04,1.5131402
2024-04-05,0.0
2024-04-06,0.0
2024-04-07,0.0
2024-04-08,0.016049555
2024-04-09,0.51376426
2024-04-10,0.012656868
2024-04-11,10.825202
2024-04-12,1.2488868
2024-04-13,0.040333986
2024-04-14,0.0
2024-04-15,0.0
2024-04-16,2.1389122
2024-04-17,3.956837
2024-04-18,10.9675255
2024-04-19,0.32565948
2024-04-20,1.0811031
2024-04-21,3.4454799
2024-04-22,2.5968313
2024-04-23,0.13979098
2024-04-24,0.0
2024-04-25,0.018840529
2024-04-26,0.016939828
2024-04-27,0.0
2024-04-28,0.0
2024-04-29,0.0
2024-04-30,0.080931574
2024-05-01,1.3480464
2024-05-02,0.017218884
2024-05-03,0.27704942
2024-05-04,0.3096165
2024-05-05,3.3408625
2024-05-06,2.12243
2024-05-07,2.6640801
2024-05-08,1.6512951
2024-05-09,11.753241
2024-05-10,9.601809
2024-05-11,2.0991747
2024-05-12,0.0
2024-05-13,4.5666842
2024-05-14,4.2562037
2024-05-15,12.984436
2024-05-16,5.6626406
2024-05-17,1.5884862
2024-05-18,6.034486
2024-05-19,4.7916923
2024-05-20,0.060277358
2024-05-21,0.0
2024-05-22,0.0023966532
2024-05-23,0.06641339
2024-05-24,5.4872427
2024-05-25,3.7529135
2024-05-26,1.6609304
2024-05-27,8.285381
2024-05-28,6.0573955
2024-05-29,0.7746979
2024-05-30,0.011252734
2024-05-31,0.09755942
2024-06-01,0.0026722476
2024-06-02,3.2328718
2024-06-03,2.229127
2024-06-04,1.7629884
2024-06-05,2.0982869
2024-06-06,0.9348315
2024-06-07,10.8295145
2024-06-08,0.016939532
2024-06-09,0.0026372587
2024-06-10,9.6924305
2024-06-11,1.6309674
2024-06-12,0.052627396
2024-06-13,4.005092
2024-06-14,2.5170074
2024-06-15,0.08284453
2024-06-16,0.107315056
2024-06-17,0.0
2024-06-18,0.10041542
2024-06-19,0.0
2024-06-20,0.0
2024-06-21,0.047961194
2024-06-22,0.30771393
2024-06-23,0.26703086
2024-06-24,7.649888
2024-06-25,10.980708
2024-06-26,0.08761239
2024-06-27,6.127912
2024-06-28,2.7016742
2024-06-29,0.04944469
2024-06-30,9.190626
2024-07-01,24.576265
2024-07-02,0.37661436
2024-07-03,0.009148616
2024-07-04,0.1042584
2024-07-05,1.6850935
2024-07-06,2.6747117
2024-07-07,9.173985
2024-07-08,7.642365
2024-07-09,0.50288457
2024-07-10,0.0013578392
2024-07-11,6.3381553
2024-07-12,10.950901
2024-07-13,16.674938
2024-07-14,3.0953267
2024-07-15,3.0815494
2024-07-16,3.6725936
2024-07-17,6.7942295
2024-07-18,17.696756
2024-07-19,14.802103
2024-07-20,9.141183
2024-07-21,6.561023
2024-07-22,14.55849
2024-07-23,11.62272
2024-07-24,26.1388
2024-07-25,12.769362
2024-07-26,17.197496
2024-07-27,8.098832
2024-07-28,0.0
2024-07-29,2.8589437
2024-07-30,3.2059062
2024-07-31,2.0865731
2024-08-01,0.4476656
2024-08-02,5.6232934
2024-08-03,7.3571343
2024-08-04,16.019972
2024-08-05,17.403513
2024-08-06,21.468634
2024-08-07,25.009083
2024-08-08,52.38193
2024-08-09,6.8084607
2024-08-10,14.294294
2024-08-11,10.305813
2024-08-12,9.9890175
2024-08-13,1.2280518
2024-08-14,0.031059552
2024-08-15,0.0
2024-08-16,0.00092885183
2024-08-17,0.0
2024-08-18,0.03448779
2024-08-19,4.794269
2024-08-20,1.3316782
2024-08-21,1.0342835
2024-08-22,2.1197793
2024-08-23,7.8947206
2024-08-24,8.491619
2024-08-25,3.6181252
2024-08-26,0.006463624
2024-08-27,0.5028508
2024-08-28,0.23379833
2024-08-29,0.022051705
2024-08-30,11.13913
2024-08-31,7.1367507
2024-09-01,4.220463
2024-09-02,14.820193
2024-09-03,3.7663884
2024-09-04,0.71365184
2024-09-05,2.3036892
2024-09-06,0.019333184
2024-09-07,12.842041
2024-09-08,9.016909
2024-09-09,4.2109666
2024-09-10,0.025592187
2024-09-11,1.4849299
2024-09-12,2.3419507
2024-09-13,9.335721
2024-09-14,11.5928755
2024-09-15,5.89938
2024-09-16,26.236626
2024-09-17,11.039181
2024-09-18,2.5338798
2024-09-19,1.488853
2024-09-20,0.14286193
2024-09-21,0.0
2024-09-22,1.4707621
2024-09-23,8.506903e-05
2024-09-24,0.66376513
2024-09-25,10.302399
2024-09-26,6.775337
2024-09-27,31.247328
2024-09-28,1.1049836
2024-09-29,0.379558
2024-09-30,0.0
2024-10-01,1.0869874
2024-10-02,0.6241082
2024-10-03,0.0
2024-10-04,0.43082187
2024-10-05,7.6599445
2024-10-06,0.040566277
2024-10-07,0.0
2024-10-08,0.01368055
2024-10-09,2.0114012
2024-10-10,10.883538
2024-10-11,0.039235566
2024-10-12,0.0
2024-10-13,0.0
2024-10-14,0.023224782
2024-10-15,0.043053556
2024-10-16,0.07310732
2024-10-17,1.2132937
2024-10-18,0.19046423
2024-10-19,0.0
2024-10-20,0.018167794
2024-10-21,0.0018728042
2024-10-22,0.0019222725
2024-10-23,0.043976698
2024-10-24,0.0
2024-10-25,0.0
2024-10-26,0.0
2024-10-27,0.0015582383
2024-10-28,0.004873926
2024-10-29,0.0
2024-10-30,0.0
2024-10-31,0.0
2024-11-01,0.00034520205
2024-11-02,0.44707254
2024-11-03,0.042016666
2024-11-04,0.019482
2024-11-05,0.0
2024-11-06,0.1911352
2024-11-07,11.87186
2024-11-08,0.15249415
2024-11-09,0.0010355515
2024-11-10,0.36284626
2024-11-11,8.628253
2024-11-12,0.01707554
2024-11-13,0.0
2024-11-14,7.6112256
2024-11-15,5.9689755
2024-11-16,0.0
2024-11-17,0.07321307
2024-11-18,0.06358475
2024-11-19,1.6216133
2024-11-20,2.8093183
2024-11-21,0.44477254
2024-11-22,0.016584266
2024-11-23,0.21917734
2024-11-24,0.056757554
2024-11-25,0.0
2024-11-26,2.2695613
2024-11-27,1.0278972
2024-11-28,11.060354
2024-11-29,3.9666095
2024-11-30,0.7103535
2024-12-01,1.0743514
